reservoir,model,horizon,crps,wql,mae,n,skill_vs_clim
Aliyar,climatology,1,0.016586779135478208,0.3411978262819641,0.021428889110006632,147.0,0.0
Aliyar,climatology,4,0.018313947057672485,0.3745687159091719,0.023807415261731902,147.0,0.0
Aliyar,climatology,8,0.018733838358448662,0.38503158484764227,0.024480267506590495,147.0,0.0
Aliyar,climatology,13,0.017946267064106538,0.3686333550203049,0.02334128305071583,147.0,0.0
Aliyar,persistence,1,0.003350773846954914,0.06892698959848483,0.003933894260502522,147.0,0.7979852616601258
Aliyar,persistence,4,0.010442380177791716,0.2135743279104975,0.012334711620961775,147.0,0.42981269166566893
Aliyar,persistence,8,0.018838910424626085,0.3871911030088131,0.022501025300772425,147.0,-0.005608677953070851
Aliyar,persistence,13,0.02799794672276033,0.5751043934219267,0.03466045184503346,147.0,-0.5600986334789184
Aliyar,seasonal_naive,1,0.022278192250181555,0.4582728634153539,0.027714139245553573,147.0,-0.3431294929664632
Aliyar,seasonal_naive,4,0.022856984733013716,0.46748586713936774,0.02851360246783177,147.0,-0.24806436651993935
Aliyar,seasonal_naive,8,0.02300019983212031,0.4727169746919446,0.02893888174875837,147.0,-0.22773557623590723
Aliyar,seasonal_naive,13,0.023133463275031428,0.47518328741300303,0.02953738649922984,147.0,-0.2890404000116298
Aliyar,timesfm_covariates,1,0.0026198644078451404,0.053891839627758786,0.0031557710931684967,147.0,0.8420510464119345
Aliyar,timesfm_covariates,4,0.007798846003074555,0.15950705349020863,0.010072837211411285,147.0,0.5741581004621672
Aliyar,timesfm_covariates,8,0.013201404657003696,0.27132495007403784,0.017105472914283236,147.0,0.295317681064005
Aliyar,timesfm_covariates,13,0.01791605121192313,0.3680126927441124,0.023489649750899837,147.0,0.001683684527566176
Aliyar,timesfm_univariate,1,0.002642837972807987,0.0543644166340146,0.00320750574024221,147.0,0.8406659936072156
Aliyar,timesfm_univariate,4,0.007947903912031071,0.16255568246014757,0.010178363663674483,147.0,0.5660190625755163
Aliyar,timesfm_univariate,8,0.013302687239952142,0.27340658399677936,0.017317962607525106,147.0,0.2899112832393559
Aliyar,timesfm_univariate,13,0.017635462663920576,0.3622491377128083,0.023237344095951577,147.0,0.017318609997038714
Bhavanisagar,climatology,1,0.17099621268547233,0.28988425206158813,0.23521779996898834,147.0,0.0
Bhavanisagar,climatology,4,0.18805325384866375,0.3157057663798631,0.25627734512260325,147.0,0.0
Bhavanisagar,climatology,8,0.19655746081974698,0.3266156741354681,0.2677152518706528,147.0,0.0
Bhavanisagar,climatology,13,0.19407295171314565,0.32053517839184376,0.2678169502214656,147.0,0.0
Bhavanisagar,persistence,1,0.01668787383052462,0.028290403324650788,0.018187629984092415,147.0,0.9024079330855121
Bhavanisagar,persistence,4,0.05795464524385712,0.09729486364915141,0.06568422829070025,147.0,0.6918179076523917
Bhavanisagar,persistence,8,0.10530704201920435,0.1749866445001361,0.12325676638660461,147.0,0.46424296701830015
Bhavanisagar,persistence,13,0.15080549773170657,0.2490736946658658,0.17847304361039365,147.0,0.22294427739416056
Bhavanisagar,seasonal_naive,1,0.14952500041560113,0.2534848124953105,0.17218545499848936,147.0,0.1255654258808936
Bhavanisagar,seasonal_naive,4,0.152435452386801,0.2559102293330411,0.1772151032856502,147.0,0.18940273955869036
Bhavanisagar,seasonal_naive,8,0.1554630898626884,0.25832996461655344,0.18139286539079758,147.0,0.20907052210419108
Bhavanisagar,seasonal_naive,13,0.15782802318732328,0.2606722529904924,0.17838724886060064,147.0,0.18675929956171888
Bhavanisagar,timesfm_covariates,1,0.012677284836588892,0.02149138378746387,0.015194161042604855,147.0,0.9258621893579171
Bhavanisagar,timesfm_covariates,4,0.03935024255822005,0.06606159813684413,0.04929836550294137,147.0,0.7907494725409685
Bhavanisagar,timesfm_covariates,8,0.07150864378596229,0.1188245096332599,0.09100845925661982,147.0,0.6361947112679722
Bhavanisagar,timesfm_covariates,13,0.10000673881541695,0.16517334117722332,0.13143646075183843,147.0,0.48469512143436455
Bhavanisagar,timesfm_univariate,1,0.01262643690294269,0.021405182958905058,0.015048849854069228,147.0,0.9261595522810346
Bhavanisagar,timesfm_univariate,4,0.03997947284946457,0.06711795652076576,0.04995391419306904,147.0,0.7874034507180709
Bhavanisagar,timesfm_univariate,8,0.07341868567592884,0.12199838874686174,0.09191183592646031,147.0,0.6264772379042003
Bhavanisagar,timesfm_univariate,13,0.10494779177999701,0.17333409351012014,0.13629589035293685,147.0,0.4592353501423645
Mettur,climatology,1,0.6297241325324308,0.3695655139950961,0.8484258596141541,147.0,0.0
Mettur,climatology,4,0.6869319430660183,0.40168395865920253,0.9092293934924119,147.0,0.0
Mettur,climatology,8,0.7075260680885502,0.4098236040439386,0.9367636591718005,147.0,0.0
Mettur,climatology,13,0.7026056170394929,0.3981225074009009,0.9465167031245038,147.0,0.0
Mettur,persistence,1,0.07976152505704553,0.04680955910995153,0.08919541111736623,147.0,0.8733389417104198
Mettur,persistence,4,0.23974345616107726,0.14019016222130373,0.27243966750559473,147.0,0.6509938741660228
Mettur,persistence,8,0.3883671226390941,0.22495568866051727,0.43117934931840607,147.0,0.4510914294814532
Mettur,persistence,13,0.5272309027513831,0.29874866339251416,0.5783141985994249,147.0,0.24960619447802124
Mettur,seasonal_naive,1,0.743859451707556,0.4365479841226439,0.959747629137089,147.0,-0.18124653841060678
Mettur,seasonal_naive,4,0.7611226957501106,0.4450670558275168,0.9889443483482071,147.0,-0.10800306119548453
Mettur,seasonal_naive,8,0.7734386109797586,0.44800243178996446,0.9707361946218026,147.0,-0.093159172310467
Mettur,seasonal_naive,13,0.7930420523516315,0.4493671594698356,0.9767955940334204,147.0,-0.12871578751846968
Mettur,timesfm_covariates,1,0.06621833643663377,0.03886148279356985,0.07807332490847493,147.0,0.8948454838941343
Mettur,timesfm_covariates,4,0.21695484776772006,0.1268645067117909,0.26336461966540536,147.0,0.6841683518175404
Mettur,timesfm_covariates,8,0.3587708637672937,0.20781251044543475,0.4500315945321471,147.0,0.49292205623384633
Mettur,timesfm_covariates,13,0.47818036430277905,0.27095480168271674,0.6405099074909961,147.0,0.3194185291064917
Mettur,timesfm_univariate,1,0.06718979318005577,0.03943160055174274,0.07969535624034817,147.0,0.8933028135513046
Mettur,timesfm_univariate,4,0.21598450645525827,0.12629709891604837,0.2659066357791018,147.0,0.685580924521804
Mettur,timesfm_univariate,8,0.34947591172041953,0.202428552286046,0.4433826393394513,147.0,0.5060593135959466
Mettur,timesfm_univariate,13,0.4580175656019347,0.2595298090832787,0.6222315350734944,147.0,0.34811570745499765
Parambikulam,climatology,1,0.05916922777213253,0.24971892056339667,0.08118363604169081,147.0,0.0
Parambikulam,climatology,4,0.06419014681665887,0.2689965766726523,0.09017335486192098,147.0,0.0
Parambikulam,climatology,8,0.0670535040136284,0.27622001195662144,0.09585522721165379,147.0,0.0
Parambikulam,climatology,13,0.06859884460018072,0.2758546180541958,0.09708878102374754,147.0,0.0
Parambikulam,persistence,1,0.009593483449824925,0.04048851779440333,0.011157787995465806,147.0,0.8378636360310374
Parambikulam,persistence,4,0.0341955605355475,0.14330063378321328,0.040424702093226066,147.0,0.4672771097841929
Parambikulam,persistence,8,0.06411692497804497,0.2641230767068907,0.07683601908921067,147.0,0.043794564934094726
Parambikulam,persistence,13,0.09213636773242921,0.37050540250153474,0.1137482819868293,147.0,-0.3431183610953483
Parambikulam,seasonal_naive,1,0.06351350711102423,0.26805359870575435,0.07418042845241975,147.0,-0.073421261396583
Parambikulam,seasonal_naive,4,0.06461553252591729,0.270779206955191,0.07318374220023155,147.0,-0.006626962709298745
Parambikulam,seasonal_naive,8,0.06816412787359011,0.2807951126973013,0.07545688099055643,147.0,-0.01656324865194181
Parambikulam,seasonal_naive,13,0.07484885875425619,0.3009876254299682,0.08064086763913361,147.0,-0.09110961256713357
Parambikulam,timesfm_covariates,1,0.005910532204862745,0.02494492116472525,0.007072127843254547,147.0,0.900108004998394
Parambikulam,timesfm_covariates,4,0.018478838950628355,0.07743781039793894,0.0228444397280546,147.0,0.7121234353395706
Parambikulam,timesfm_covariates,8,0.033300444853188685,0.13717775693928055,0.04117773853462029,147.0,0.503375023527175
Parambikulam,timesfm_covariates,13,0.04683548455652166,0.18833822608855472,0.05749318501260546,147.0,0.3172554898045866
Parambikulam,timesfm_univariate,1,0.006140120018576758,0.02591387788722917,0.007457762479241472,147.0,0.8962278155425137
Parambikulam,timesfm_univariate,4,0.019091461401302287,0.08000507889936151,0.023585235665579768,147.0,0.7025795648071707
Parambikulam,timesfm_univariate,8,0.03409862257083317,0.14046576793817567,0.042416764850789455,147.0,0.49147142908590224
Parambikulam,timesfm_univariate,13,0.04879296754982406,0.19620979778356248,0.05958066774720778,147.0,0.288720271686682
Sholayar,climatology,1,0.019453261724230442,0.2963704910916907,0.025561337656807535,147.0,0.0
Sholayar,climatology,4,0.021601108208253214,0.324342068396509,0.02802454426002731,147.0,0.0
Sholayar,climatology,8,0.02205302295167839,0.33233834372819965,0.028562124914547567,147.0,0.0
Sholayar,climatology,13,0.020887194911119206,0.3235015226667358,0.027142931232595913,147.0,0.0
Sholayar,persistence,1,0.005010794456007903,0.0763394660874194,0.005634920634920635,147.0,0.7424188022018643
Sholayar,persistence,4,0.018336999837048437,0.27533126532195096,0.021122448979591837,147.0,0.15110837553962375
Sholayar,persistence,8,0.03330253170071602,0.5018680772981963,0.04023197012424296,147.0,-0.5101118687305164
Sholayar,persistence,13,0.047886796226648244,0.7416721853208542,0.062693940310972,147.0,-1.2926389316717644
Sholayar,seasonal_naive,1,0.028354727728553717,0.4319843479623509,0.033265049427135415,147.0,-0.4575821849574899
Sholayar,seasonal_naive,4,0.02938653991895785,0.44124084044399686,0.034656462585034006,147.0,-0.360418161681632
Sholayar,seasonal_naive,8,0.028906295558647255,0.4356169406039414,0.03441728192590755,147.0,-0.3107634097141898
Sholayar,seasonal_naive,13,0.028261804125781657,0.43771969893057816,0.03231528081986379,147.0,-0.3530684348014874
Sholayar,timesfm_covariates,1,0.0031772269100911912,0.04840505993298725,0.0037169964585512397,147.0,0.8366738208156771
Sholayar,timesfm_covariates,4,0.009528122558412637,0.14306539038354718,0.012600233255532863,147.0,0.5589058456374848
Sholayar,timesfm_covariates,8,0.01688246102685906,0.25441814249303213,0.022660888788786603,147.0,0.234460460869643
Sholayar,timesfm_covariates,13,0.02125754277999364,0.32923748194738967,0.02908295329900421,147.0,-0.017730857132820743
Sholayar,timesfm_univariate,1,0.003140131490368421,0.047839911120600896,0.0037065255237815065,147.0,0.8385807205556094
Sholayar,timesfm_univariate,4,0.010171240128454736,0.15272184323210494,0.013004946038363472,147.0,0.529133411564108
Sholayar,timesfm_univariate,8,0.018360314814231653,0.2766893513447181,0.023847491134321337,147.0,0.16744680062855943
Sholayar,timesfm_univariate,13,0.023864475914998115,0.36961374320472884,0.03173049108351574,147.0,-0.14254096907450053
Vaigai,climatology,1,0.03635649216498605,0.3764371958292366,0.0476242032931952,147.0,0.0
Vaigai,climatology,4,0.038917378798808,0.3972355988953669,0.050030370131568046,147.0,0.0
Vaigai,climatology,8,0.04049659720369031,0.4069036082667447,0.05168443545369248,147.0,0.0
Vaigai,climatology,13,0.04150501662557621,0.4087403643232455,0.0529244381649209,147.0,0.0
Vaigai,persistence,1,0.006311646287998431,0.06535114606046459,0.007434777090198316,147.0,0.8263956198151314
Vaigai,persistence,4,0.01893283600352233,0.19325033393249272,0.022645493061396238,147.0,0.5135120455722413
Vaigai,persistence,8,0.027862868557440242,0.2799618371800216,0.034045249885322926,147.0,0.31197012881612685
Vaigai,persistence,13,0.03461149297458837,0.34085311604204904,0.04378903644195872,147.0,0.16608892638630857
Vaigai,seasonal_naive,1,0.03784501742179979,0.3918494713329664,0.0485995365710967,147.0,-0.04094248834730263
Vaigai,seasonal_naive,4,0.038034480986738395,0.3882237267712448,0.04834416265448343,147.0,0.02268646654323614
Vaigai,seasonal_naive,8,0.03814752357358638,0.38330047609823636,0.04881656652312215,147.0,0.05800669172988848
Vaigai,seasonal_naive,13,0.03788192234869984,0.3730602226173066,0.04797013494179079,147.0,0.08729292436046754
Vaigai,timesfm_covariates,1,0.005466605251447083,0.056601542916232234,0.006732519385225379,147.0,0.8496388148053562
Vaigai,timesfm_covariates,4,0.017469578080493126,0.17831463797008373,0.022092356815765234,147.0,0.5511111328744422
Vaigai,timesfm_covariates,8,0.025885024905002038,0.2600887669880588,0.03283858081603806,147.0,0.3608098780545633
Vaigai,timesfm_covariates,13,0.03240010124477339,0.3190753856664637,0.042162739897162196,147.0,0.2193690334578059
Vaigai,timesfm_univariate,1,0.005564901248818232,0.057619305285707176,0.007027144874879022,147.0,0.8469351436996544
Vaigai,timesfm_univariate,4,0.017062384789567897,0.174158354176587,0.02193586423175405,147.0,0.5615741523144282
Vaigai,timesfm_univariate,8,0.0250853778214524,0.25205403552655525,0.03266783906211928,147.0,0.3805559095427785
Vaigai,timesfm_univariate,13,0.0303406554202901,0.2987940147614207,0.04009318103413463,147.0,0.2689882359523357
