week_ending,reservoir,live_storage_bcm
2015-04-16,Aliyar,0.074
2015-04-23,Aliyar,0.077
2015-04-30,Aliyar,0.078
2015-05-07,Aliyar,0.077
2015-05-14,Aliyar,0.078
2015-05-21,Aliyar,0.079
2015-05-28,Aliyar,0.078
2015-06-04,Aliyar,0.076
2015-06-11,Aliyar,0.074
2015-06-18,Aliyar,0.068
2015-06-25,Aliyar,0.068
2015-07-02,Aliyar,0.078
2015-07-09,Aliyar,0.08
2015-07-16,Aliyar,0.08
2015-07-23,Aliyar,0.083
2015-07-30,Aliyar,0.087
2015-08-06,Aliyar,0.087
2015-08-13,Aliyar,0.086
2015-08-20,Aliyar,0.085
2015-08-27,Aliyar,0.089
2015-09-03,Aliyar,0.089
2015-09-10,Aliyar,0.087
2015-09-17,Aliyar,0.082
2015-09-24,Aliyar,0.0805
2015-10-01,Aliyar,0.083
2015-10-08,Aliyar,0.084
2015-10-15,Aliyar,0.084
2015-10-22,Aliyar,0.082
2015-10-29,Aliyar,0.08
2015-11-05,Aliyar,0.077
2015-11-12,Aliyar,0.078
2015-11-19,Aliyar,0.08
2015-11-26,Aliyar,0.09
2015-12-03,Aliyar,0.092
2015-12-10,Aliyar,0.092
2015-12-17,Aliyar,0.093
2015-12-24,Aliyar,0.0885
2015-12-31,Aliyar,0.085
2016-01-07,Aliyar,0.076
2016-01-14,Aliyar,0.066
2016-01-21,Aliyar,0.06
2016-01-28,Aliyar,0.054
2016-02-04,Aliyar,0.048
2016-02-11,Aliyar,0.046
2016-02-18,Aliyar,0.039
2016-02-25,Aliyar,0.03
2016-03-03,Aliyar,0.021
2016-03-10,Aliyar,0.018
2016-03-17,Aliyar,0.017
2016-03-24,Aliyar,0.0165
2016-03-31,Aliyar,0.016
2016-04-07,Aliyar,0.015
2016-04-14,Aliyar,0.014499999999999999
2016-04-21,Aliyar,0.014
2016-04-28,Aliyar,0.013000000000000001
2016-05-05,Aliyar,0.012
2016-05-12,Aliyar,0.018
2016-05-19,Aliyar,0.025
2016-05-26,Aliyar,0.0305
2016-06-02,Aliyar,0.036
2016-06-09,Aliyar,0.031
2016-06-16,Aliyar,0.028
2016-06-23,Aliyar,0.027
2016-06-30,Aliyar,0.025
2016-07-07,Aliyar,0.0235
2016-07-14,Aliyar,0.023
2016-07-21,Aliyar,0.023
2016-07-28,Aliyar,0.022
2016-08-04,Aliyar,0.02
2016-08-11,Aliyar,0.021
2016-08-18,Aliyar,0.018
2016-08-25,Aliyar,0.015
2016-09-01,Aliyar,0.013
2016-09-08,Aliyar,0.009
2016-09-15,Aliyar,0.007
2016-09-22,Aliyar,0.005
2016-09-29,Aliyar,0.006
2016-10-06,Aliyar,0.012
2016-10-13,Aliyar,0.008
2016-10-20,Aliyar,0.007
2016-10-27,Aliyar,0.009
2016-11-03,Aliyar,0.011
2016-11-10,Aliyar,0.014
2016-11-17,Aliyar,0.018
2016-11-24,Aliyar,0.012
2016-12-01,Aliyar,0.005
2016-12-08,Aliyar,0.009
2016-12-15,Aliyar,0.011
2016-12-22,Aliyar,0.008
2016-12-29,Aliyar,0.006
2017-01-05,Aliyar,0.003
2017-01-12,Aliyar,0.0
2017-01-19,Aliyar,0.001
2017-01-26,Aliyar,0.0065
2017-02-02,Aliyar,0.002
2017-02-09,Aliyar,0.003
2017-02-16,Aliyar,0.004
2017-02-23,Aliyar,0.004
2017-03-02,Aliyar,0.006
2017-03-09,Aliyar,0.006
2017-03-16,Aliyar,0.006500000000000001
2017-03-23,Aliyar,0.007
2017-03-30,Aliyar,0.011
2017-04-06,Aliyar,0.014
2017-04-13,Aliyar,0.017
2017-04-20,Aliyar,0.02
2017-04-27,Aliyar,0.022
2017-05-04,Aliyar,0.025
2017-05-11,Aliyar,0.027
2017-05-18,Aliyar,0.024
2017-05-25,Aliyar,0.022
2017-06-01,Aliyar,0.02
2017-06-08,Aliyar,0.018
2017-06-15,Aliyar,0.016
2017-06-22,Aliyar,0.013
2017-06-29,Aliyar,0.012
2017-07-06,Aliyar,0.012
2017-07-13,Aliyar,0.01
2017-07-20,Aliyar,0.01
2017-07-27,Aliyar,0.01
2017-08-03,Aliyar,0.01
2017-08-10,Aliyar,0.01
2017-08-17,Aliyar,0.009
2017-08-24,Aliyar,0.01
2017-08-31,Aliyar,0.016
2017-09-07,Aliyar,0.024
2017-09-14,Aliyar,0.0315
2017-09-21,Aliyar,0.039
2017-09-28,Aliyar,0.04
2017-10-05,Aliyar,0.039
2017-10-12,Aliyar,0.035
2017-10-19,Aliyar,0.034
2017-10-26,Aliyar,0.034
2017-11-02,Aliyar,0.039
2017-11-09,Aliyar,0.044
2017-11-16,Aliyar,0.038
2017-11-23,Aliyar,0.032
2017-11-30,Aliyar,0.031
2017-12-07,Aliyar,0.037
2017-12-14,Aliyar,0.04
2017-12-21,Aliyar,0.035
2017-12-28,Aliyar,0.025
2018-01-04,Aliyar,0.019
2018-01-11,Aliyar,0.013
2018-01-18,Aliyar,0.008
2018-01-25,Aliyar,0.004
2018-02-01,Aliyar,0.001
2018-02-08,Aliyar,0.0
2018-02-15,Aliyar,0.0
2018-02-22,Aliyar,0.0
2018-03-01,Aliyar,0.004
2018-03-08,Aliyar,0.004
2018-03-15,Aliyar,0.0
2018-03-22,Aliyar,0.0
2018-03-29,Aliyar,0.0
2018-04-05,Aliyar,0.0
2018-04-12,Aliyar,0.0
2018-04-19,Aliyar,0.0
2018-04-26,Aliyar,0.0
2018-05-03,Aliyar,0.0
2018-05-10,Aliyar,0.0005
2018-05-17,Aliyar,0.001
2018-05-24,Aliyar,0.001
2018-05-31,Aliyar,0.0
2018-06-07,Aliyar,0.0
2018-06-14,Aliyar,0.002
2018-06-21,Aliyar,0.014
2018-06-28,Aliyar,0.016
2018-07-05,Aliyar,0.026
2018-07-12,Aliyar,0.028
2018-07-19,Aliyar,0.078
2018-07-26,Aliyar,0.08549999999999999
2018-08-02,Aliyar,0.093
2018-08-09,Aliyar,0.09266666666666666
2018-08-16,Aliyar,0.09233333333333334
2018-08-23,Aliyar,0.092
2018-08-30,Aliyar,0.093
2018-09-06,Aliyar,0.092
2018-09-13,Aliyar,0.094
2018-09-20,Aliyar,0.09
2018-09-27,Aliyar,0.0865
2018-10-04,Aliyar,0.083
2018-10-11,Aliyar,0.082
2018-10-18,Aliyar,0.081
2018-10-25,Aliyar,0.08
2018-11-01,Aliyar,0.085
2018-11-08,Aliyar,0.085
2018-11-15,Aliyar,0.079
2018-11-22,Aliyar,0.082
2018-11-29,Aliyar,0.087
2018-12-06,Aliyar,0.083
2018-12-13,Aliyar,0.082
2018-12-20,Aliyar,0.074
2018-12-27,Aliyar,0.06666666666666667
2019-01-03,Aliyar,0.05933333333333333
2019-01-10,Aliyar,0.052
2019-01-17,Aliyar,0.037
2019-01-24,Aliyar,0.026
2019-01-31,Aliyar,0.015
2019-02-07,Aliyar,0.005
2019-02-14,Aliyar,0.002
2019-02-21,Aliyar,0.001
2019-02-28,Aliyar,0.0005
2019-03-07,Aliyar,0.0
2019-03-14,Aliyar,0.0
2019-03-21,Aliyar,0.002
2019-03-28,Aliyar,0.004
2019-04-04,Aliyar,0.008
2019-04-11,Aliyar,0.007
2019-04-18,Aliyar,0.003
2019-04-25,Aliyar,0.006
2019-05-02,Aliyar,0.007
2019-05-09,Aliyar,0.006
2019-05-16,Aliyar,0.005
2019-05-23,Aliyar,0.004
2019-05-30,Aliyar,0.001
2019-06-06,Aliyar,0.0
2019-06-13,Aliyar,0.004
2019-06-20,Aliyar,0.001
2019-06-27,Aliyar,0.0
2019-07-04,Aliyar,0.0
2019-07-11,Aliyar,0.0
2019-07-18,Aliyar,0.0
2019-07-25,Aliyar,0.003
2019-08-01,Aliyar,0.002
2019-08-08,Aliyar,0.001
2019-08-15,Aliyar,0.042499999999999996
2019-08-22,Aliyar,0.048
2019-08-29,Aliyar,0.051
2019-09-05,Aliyar,0.056
2019-09-12,Aliyar,0.073
2019-09-19,Aliyar,0.0735
2019-09-26,Aliyar,0.074
2019-10-03,Aliyar,0.076
2019-10-10,Aliyar,0.079
2019-10-17,Aliyar,0.082
2019-10-24,Aliyar,0.086
2019-10-31,Aliyar,0.09
2019-11-07,Aliyar,0.093
2019-11-14,Aliyar,0.092
2019-11-21,Aliyar,0.094
2019-11-28,Aliyar,0.094
2019-12-05,Aliyar,0.094
2019-12-12,Aliyar,0.091
2019-12-19,Aliyar,0.083
2019-12-26,Aliyar,0.082
2020-01-02,Aliyar,0.076
2020-01-09,Aliyar,0.068
2020-01-16,Aliyar,0.061
2020-01-23,Aliyar,0.05
2020-01-30,Aliyar,0.041
2020-02-06,Aliyar,0.033
2020-02-13,Aliyar,0.028
2020-02-20,Aliyar,0.017
2020-02-27,Aliyar,0.009
2020-03-05,Aliyar,0.006
2020-03-12,Aliyar,0.0
2020-03-19,Aliyar,0.003
2020-03-26,Aliyar,0.002
2020-04-02,Aliyar,0.002
2020-04-09,Aliyar,0.0
2020-04-16,Aliyar,0.0
2020-04-23,Aliyar,0.0
2020-04-30,Aliyar,0.0
2020-05-07,Aliyar,0.002
2020-05-14,Aliyar,0.004
2020-05-21,Aliyar,0.003
2020-05-28,Aliyar,0.001
2020-06-04,Aliyar,0.002
2020-06-11,Aliyar,0.001
2020-06-18,Aliyar,0.0
2020-06-25,Aliyar,0.0
2020-07-02,Aliyar,0.0
2020-07-09,Aliyar,0.0
2020-07-16,Aliyar,0.0
2020-07-23,Aliyar,0.002
2020-07-30,Aliyar,0.002
2020-08-06,Aliyar,0.009
2020-08-13,Aliyar,0.068
2020-08-20,Aliyar,0.074
2020-08-27,Aliyar,0.076
2020-09-03,Aliyar,0.073
2020-09-10,Aliyar,0.076
2020-09-17,Aliyar,0.083
2020-09-24,Aliyar,0.095
2020-10-01,Aliyar,0.094
2020-10-08,Aliyar,0.095
2020-10-15,Aliyar,0.095
2020-10-22,Aliyar,0.094
2020-10-29,Aliyar,0.095
2020-11-05,Aliyar,0.092
2020-11-12,Aliyar,0.087
2020-11-19,Aliyar,0.086
2020-11-26,Aliyar,0.085
2020-12-03,Aliyar,0.084
2020-12-10,Aliyar,0.083
2020-12-17,Aliyar,0.084
2020-12-24,Aliyar,0.078
2020-12-31,Aliyar,0.074
2021-01-07,Aliyar,0.072
2021-01-14,Aliyar,0.073
2021-01-21,Aliyar,0.09
2021-01-28,Aliyar,0.084
2021-02-04,Aliyar,0.075
2021-02-11,Aliyar,0.066
2021-02-18,Aliyar,0.06
2021-02-25,Aliyar,0.052
2021-03-04,Aliyar,0.052
2021-03-11,Aliyar,0.049
2021-03-18,Aliyar,0.047
2021-03-25,Aliyar,0.048
2021-04-01,Aliyar,0.046
2021-04-08,Aliyar,0.044
2021-04-15,Aliyar,0.044
2021-04-22,Aliyar,0.045
2021-04-29,Aliyar,0.046
2021-05-06,Aliyar,0.047
2021-05-13,Aliyar,0.046
2021-05-20,Aliyar,0.046
2021-05-27,Aliyar,0.044
2021-06-03,Aliyar,0.042
2021-06-10,Aliyar,0.041
2021-06-17,Aliyar,0.039
2021-06-24,Aliyar,0.039
2021-07-01,Aliyar,0.032
2021-07-08,Aliyar,0.025
2021-07-15,Aliyar,0.028
2021-07-22,Aliyar,0.047
2021-07-29,Aliyar,0.069
2021-08-05,Aliyar,0.077
2021-08-12,Aliyar,0.082
2021-08-19,Aliyar,0.087
2021-08-26,Aliyar,0.092
2021-09-02,Aliyar,0.094
2021-09-09,Aliyar,0.094
2021-09-16,Aliyar,0.095
2021-09-23,Aliyar,0.093
2021-09-30,Aliyar,0.094
2021-10-07,Aliyar,0.094
2021-10-14,Aliyar,0.094
2021-10-21,Aliyar,0.094
2021-10-28,Aliyar,0.093
2021-11-04,Aliyar,0.093
2021-11-11,Aliyar,0.093
2021-11-18,Aliyar,0.093
2021-11-25,Aliyar,0.092
2021-12-02,Aliyar,0.092
2021-12-09,Aliyar,0.091
2021-12-16,Aliyar,0.093
2021-12-23,Aliyar,0.092
2021-12-30,Aliyar,0.087
2022-01-06,Aliyar,0.081
2022-01-13,Aliyar,0.08
2022-01-20,Aliyar,0.071
2022-01-27,Aliyar,0.061
2022-02-03,Aliyar,0.054
2022-02-10,Aliyar,0.048
2022-02-17,Aliyar,0.039
2022-02-24,Aliyar,0.034
2022-03-03,Aliyar,0.029
2022-03-10,Aliyar,0.024
2022-03-17,Aliyar,0.019
2022-03-24,Aliyar,0.015
2022-03-31,Aliyar,0.017666666666666667
2022-04-07,Aliyar,0.02033333333333333
2022-05-05,Aliyar,0.031
2022-05-12,Aliyar,0.033
2022-05-19,Aliyar,0.039
2022-05-26,Aliyar,0.049
2022-06-02,Aliyar,0.0495
2022-06-09,Aliyar,0.05
2022-06-16,Aliyar,0.046
2022-06-23,Aliyar,0.042
2022-06-30,Aliyar,0.038
2022-07-07,Aliyar,0.043
2022-07-14,Aliyar,0.053
2022-07-21,Aliyar,0.075
2022-07-28,Aliyar,0.08
2022-08-04,Aliyar,0.091
2022-08-11,Aliyar,0.091
2022-08-18,Aliyar,0.091
2022-08-25,Aliyar,0.091
2022-09-01,Aliyar,0.091
2022-09-08,Aliyar,0.091
2022-09-15,Aliyar,0.093
2022-09-22,Aliyar,0.093
2022-09-29,Aliyar,0.092
2022-10-06,Aliyar,0.0925
2022-10-13,Aliyar,0.093
2022-10-20,Aliyar,0.093
2022-10-27,Aliyar,0.093
2022-11-03,Aliyar,0.092
2022-11-10,Aliyar,0.091
2022-11-17,Aliyar,0.094
2022-11-24,Aliyar,0.094
2022-12-01,Aliyar,0.095
2022-12-08,Aliyar,0.093
2022-12-15,Aliyar,0.094
2022-12-22,Aliyar,0.093
2022-12-29,Aliyar,0.088
2023-01-05,Aliyar,0.083
2023-01-12,Aliyar,0.077
2023-01-19,Aliyar,0.072
2023-01-26,Aliyar,0.0615
2023-02-02,Aliyar,0.057
2023-02-09,Aliyar,0.05
2023-02-16,Aliyar,0.044
2023-02-23,Aliyar,0.035
2023-03-02,Aliyar,0.025
2023-03-09,Aliyar,0.015
2023-03-16,Aliyar,0.008
2023-03-23,Aliyar,0.005666666666666667
2023-03-30,Aliyar,0.003333333333333333
2023-04-06,Aliyar,0.001
2023-04-13,Aliyar,0.003
2023-04-20,Aliyar,0.004
2023-04-27,Aliyar,0.006
2023-05-04,Aliyar,0.012
2023-05-11,Aliyar,0.015
2023-05-18,Aliyar,0.014
2023-05-25,Aliyar,0.013
2023-06-01,Aliyar,0.012
2023-06-08,Aliyar,0.009
2023-06-15,Aliyar,0.005
2023-06-22,Aliyar,0.001
2023-06-29,Aliyar,0.0005
2023-07-06,Aliyar,0.0015
2023-07-13,Aliyar,0.003
2023-07-20,Aliyar,0.0
2023-07-27,Aliyar,0.002
2023-08-03,Aliyar,0.004
2023-08-10,Aliyar,0.004
2023-08-17,Aliyar,0.004
2023-08-24,Aliyar,0.003
2023-08-31,Aliyar,0.001
2023-09-07,Aliyar,0.0
2023-09-14,Aliyar,0.0
2023-09-21,Aliyar,0.0
2023-09-28,Aliyar,0.001
2023-10-05,Aliyar,0.006
2023-10-12,Aliyar,0.014
2023-10-19,Aliyar,0.016
2023-10-26,Aliyar,0.018
2023-11-02,Aliyar,0.017
2023-11-09,Aliyar,0.016
2023-11-16,Aliyar,0.017
2023-11-23,Aliyar,0.018
2023-11-30,Aliyar,0.018
2023-12-07,Aliyar,0.019
2023-12-14,Aliyar,0.022
2023-12-21,Aliyar,0.024
2023-12-28,Aliyar,0.026
2024-01-04,Aliyar,0.027
2024-01-11,Aliyar,0.03
2024-01-18,Aliyar,0.033
2024-01-25,Aliyar,0.032
2024-02-01,Aliyar,0.027
2024-02-08,Aliyar,0.023
2024-02-15,Aliyar,0.021
2024-02-22,Aliyar,0.014
2024-02-29,Aliyar,0.009
2024-03-07,Aliyar,0.006
2024-03-14,Aliyar,0.008
2024-03-21,Aliyar,0.002
2024-03-28,Aliyar,0.0
2024-04-04,Aliyar,0.0
2024-04-11,Aliyar,0.0
2024-04-18,Aliyar,0.0
2024-04-25,Aliyar,0.0
2024-05-02,Aliyar,0.006
2024-05-09,Aliyar,0.008
2024-05-16,Aliyar,0.012
2024-05-23,Aliyar,0.0155
2024-05-30,Aliyar,0.021
2024-06-06,Aliyar,0.024
2024-06-13,Aliyar,0.026
2024-06-20,Aliyar,0.027
2024-06-27,Aliyar,0.03
2024-07-04,Aliyar,0.035
2024-07-11,Aliyar,0.036
2024-07-18,Aliyar,0.06
2024-07-25,Aliyar,0.091
2024-08-01,Aliyar,0.092
2024-08-08,Aliyar,0.095
2024-08-15,Aliyar,0.0935
2024-08-22,Aliyar,0.092
2024-08-29,Aliyar,0.093
2024-09-05,Aliyar,0.091
2024-09-12,Aliyar,0.093
2024-09-19,Aliyar,0.094
2024-09-26,Aliyar,0.091
2024-10-03,Aliyar,0.092
2024-10-10,Aliyar,0.09
2024-10-17,Aliyar,0.089
2024-10-24,Aliyar,0.094
2024-10-31,Aliyar,0.093
2024-11-07,Aliyar,0.094
2024-11-14,Aliyar,0.091
2024-11-21,Aliyar,0.093
2024-11-28,Aliyar,0.089
2024-12-05,Aliyar,0.083
2024-12-12,Aliyar,0.078
2024-12-19,Aliyar,0.094
2024-12-26,Aliyar,0.092
2025-01-02,Aliyar,0.086
2025-01-09,Aliyar,0.076
2025-01-16,Aliyar,0.071
2025-01-23,Aliyar,0.063
2025-01-30,Aliyar,0.053
2025-02-06,Aliyar,0.047
2025-02-13,Aliyar,0.042
2025-02-20,Aliyar,0.034
2025-02-27,Aliyar,0.027
2025-03-06,Aliyar,0.021
2025-03-13,Aliyar,0.017
2025-03-20,Aliyar,0.015
2025-03-27,Aliyar,0.011
2025-04-03,Aliyar,0.007
2025-04-10,Aliyar,0.013895000000000001
2025-04-17,Aliyar,0.02079
2025-04-24,Aliyar,0.02249
2025-05-01,Aliyar,0.02598
2025-05-08,Aliyar,0.02965
2015-04-16,Bhavanisagar,0.137
2015-04-23,Bhavanisagar,0.146
2015-04-30,Bhavanisagar,0.132
2015-05-07,Bhavanisagar,0.148
2015-05-14,Bhavanisagar,0.158
2015-05-21,Bhavanisagar,0.206
2015-05-28,Bhavanisagar,0.224
2015-06-04,Bhavanisagar,0.245
2015-06-11,Bhavanisagar,0.262
2015-06-18,Bhavanisagar,0.271
2015-06-25,Bhavanisagar,0.368
2015-07-02,Bhavanisagar,0.511
2015-07-09,Bhavanisagar,0.528
2015-07-16,Bhavanisagar,0.533
2015-07-23,Bhavanisagar,0.542
2015-07-30,Bhavanisagar,0.548
2015-08-06,Bhavanisagar,0.549
2015-08-13,Bhavanisagar,0.536
2015-08-20,Bhavanisagar,0.523
2015-08-27,Bhavanisagar,0.463
2015-09-03,Bhavanisagar,0.415
2015-09-10,Bhavanisagar,0.382
2015-09-17,Bhavanisagar,0.339
2015-09-24,Bhavanisagar,0.2865
2015-10-01,Bhavanisagar,0.26
2015-10-08,Bhavanisagar,0.248
2015-10-15,Bhavanisagar,0.23
2015-10-22,Bhavanisagar,0.20350000000000001
2015-10-29,Bhavanisagar,0.177
2015-11-05,Bhavanisagar,0.193
2015-11-12,Bhavanisagar,0.251
2015-11-19,Bhavanisagar,0.312
2015-11-26,Bhavanisagar,0.378
2015-12-03,Bhavanisagar,0.4
2015-12-10,Bhavanisagar,0.43
2015-12-17,Bhavanisagar,0.432
2015-12-24,Bhavanisagar,0.4115
2015-12-31,Bhavanisagar,0.401
2016-01-07,Bhavanisagar,0.406
2016-01-14,Bhavanisagar,0.395
2016-01-21,Bhavanisagar,0.361
2016-01-28,Bhavanisagar,0.335
2016-02-04,Bhavanisagar,0.328
2016-02-11,Bhavanisagar,0.296
2016-02-18,Bhavanisagar,0.255
2016-02-25,Bhavanisagar,0.251
2016-03-03,Bhavanisagar,0.21
2016-03-10,Bhavanisagar,0.17
2016-03-17,Bhavanisagar,0.166
2016-03-24,Bhavanisagar,0.11599999999999999
2016-03-31,Bhavanisagar,0.089
2016-04-07,Bhavanisagar,0.083
2016-04-14,Bhavanisagar,0.059
2016-04-21,Bhavanisagar,0.039
2016-04-28,Bhavanisagar,0.0375
2016-05-05,Bhavanisagar,0.036
2016-05-12,Bhavanisagar,0.037
2016-05-19,Bhavanisagar,0.049
2016-05-26,Bhavanisagar,0.053000000000000005
2016-06-02,Bhavanisagar,0.057
2016-06-09,Bhavanisagar,0.059
2016-06-16,Bhavanisagar,0.072
2016-06-23,Bhavanisagar,0.075
2016-06-30,Bhavanisagar,0.079
2016-07-07,Bhavanisagar,0.1565
2016-07-14,Bhavanisagar,0.176
2016-07-21,Bhavanisagar,0.199
2016-07-28,Bhavanisagar,0.206
2016-08-04,Bhavanisagar,0.214
2016-08-11,Bhavanisagar,0.219
2016-08-18,Bhavanisagar,0.199
2016-08-25,Bhavanisagar,0.1765
2016-09-01,Bhavanisagar,0.169
2016-09-08,Bhavanisagar,0.152
2016-09-15,Bhavanisagar,0.151
2016-09-22,Bhavanisagar,0.151
2016-09-29,Bhavanisagar,0.147
2016-10-06,Bhavanisagar,0.146
2016-10-13,Bhavanisagar,0.148
2016-10-20,Bhavanisagar,0.165
2016-10-27,Bhavanisagar,0.145
2016-11-03,Bhavanisagar,0.1
2016-11-10,Bhavanisagar,0.089
2016-11-17,Bhavanisagar,0.095
2016-11-24,Bhavanisagar,0.097
2016-12-01,Bhavanisagar,0.096
2016-12-08,Bhavanisagar,0.097
2016-12-15,Bhavanisagar,0.098
2016-12-22,Bhavanisagar,0.102
2016-12-29,Bhavanisagar,0.1
2017-01-05,Bhavanisagar,0.097
2017-01-12,Bhavanisagar,0.094
2017-01-19,Bhavanisagar,0.09
2017-01-26,Bhavanisagar,0.11
2017-02-02,Bhavanisagar,0.086
2017-02-09,Bhavanisagar,0.083
2017-02-16,Bhavanisagar,0.08
2017-02-23,Bhavanisagar,0.077
2017-03-02,Bhavanisagar,0.074
2017-03-09,Bhavanisagar,0.071
2017-03-16,Bhavanisagar,0.0735
2017-03-23,Bhavanisagar,0.076
2017-03-30,Bhavanisagar,0.075
2017-04-06,Bhavanisagar,0.072
2017-04-13,Bhavanisagar,0.071
2017-04-20,Bhavanisagar,0.069
2017-04-27,Bhavanisagar,0.07
2017-05-04,Bhavanisagar,0.071
2017-05-11,Bhavanisagar,0.068
2017-05-18,Bhavanisagar,0.064
2017-05-25,Bhavanisagar,0.06633333333333333
2017-06-01,Bhavanisagar,0.06866666666666667
2017-06-08,Bhavanisagar,0.071
2017-06-15,Bhavanisagar,0.068
2017-06-22,Bhavanisagar,0.067
2017-06-29,Bhavanisagar,0.064
2017-07-06,Bhavanisagar,0.08
2017-07-13,Bhavanisagar,0.078
2017-07-20,Bhavanisagar,0.089
2017-07-27,Bhavanisagar,0.111
2017-08-03,Bhavanisagar,0.133
2017-08-10,Bhavanisagar,0.146
2017-08-17,Bhavanisagar,0.154
2017-08-24,Bhavanisagar,0.166
2017-08-31,Bhavanisagar,0.207
2017-09-07,Bhavanisagar,0.249
2017-09-14,Bhavanisagar,0.33699999999999997
2017-09-21,Bhavanisagar,0.425
2017-09-28,Bhavanisagar,0.458
2017-10-05,Bhavanisagar,0.478
2017-10-12,Bhavanisagar,0.455
2017-10-19,Bhavanisagar,0.40800000000000003
2017-10-26,Bhavanisagar,0.383
2017-11-02,Bhavanisagar,0.3805
2017-11-09,Bhavanisagar,0.378
2017-11-16,Bhavanisagar,0.35
2017-11-23,Bhavanisagar,0.331
2017-11-30,Bhavanisagar,0.325
2017-12-07,Bhavanisagar,0.371
2017-12-14,Bhavanisagar,0.351
2017-12-21,Bhavanisagar,0.33
2017-12-28,Bhavanisagar,0.328
2018-01-04,Bhavanisagar,0.287
2018-01-11,Bhavanisagar,0.238
2018-01-18,Bhavanisagar,0.233
2018-01-25,Bhavanisagar,0.196
2018-02-01,Bhavanisagar,0.154
2018-02-08,Bhavanisagar,0.127
2018-02-15,Bhavanisagar,0.122
2018-02-22,Bhavanisagar,0.123
2018-03-01,Bhavanisagar,0.128
2018-03-08,Bhavanisagar,0.128
2018-03-15,Bhavanisagar,0.13
2018-03-22,Bhavanisagar,0.135
2018-03-29,Bhavanisagar,0.1475
2018-04-05,Bhavanisagar,0.151
2018-04-12,Bhavanisagar,0.155
2018-04-19,Bhavanisagar,0.168
2018-04-26,Bhavanisagar,0.168
2018-05-03,Bhavanisagar,0.159
2018-05-10,Bhavanisagar,0.138
2018-05-17,Bhavanisagar,0.117
2018-05-24,Bhavanisagar,0.126
2018-05-31,Bhavanisagar,0.149
2018-06-07,Bhavanisagar,0.159
2018-06-14,Bhavanisagar,0.267
2018-06-21,Bhavanisagar,0.36
2018-06-28,Bhavanisagar,0.386
2018-07-05,Bhavanisagar,0.412
2018-07-12,Bhavanisagar,0.463
2018-07-19,Bhavanisagar,0.668
2018-07-26,Bhavanisagar,0.7175
2018-08-02,Bhavanisagar,0.767
2018-08-09,Bhavanisagar,0.7753333333333333
2018-08-16,Bhavanisagar,0.7836666666666667
2018-08-23,Bhavanisagar,0.792
2018-08-30,Bhavanisagar,0.792
2018-09-06,Bhavanisagar,0.792
2018-09-13,Bhavanisagar,0.792
2018-09-20,Bhavanisagar,0.792
2018-09-27,Bhavanisagar,0.792
2018-10-04,Bhavanisagar,0.792
2018-10-11,Bhavanisagar,0.792
2018-10-18,Bhavanisagar,0.792
2018-10-25,Bhavanisagar,0.792
2018-11-01,Bhavanisagar,0.792
2018-11-08,Bhavanisagar,0.792
2018-11-15,Bhavanisagar,0.792
2018-11-22,Bhavanisagar,0.788
2018-11-29,Bhavanisagar,0.767
2018-12-06,Bhavanisagar,0.756
2018-12-13,Bhavanisagar,0.739
2018-12-20,Bhavanisagar,0.705
2018-12-27,Bhavanisagar,0.6913333333333334
2019-01-03,Bhavanisagar,0.6776666666666666
2019-01-10,Bhavanisagar,0.664
2019-01-17,Bhavanisagar,0.606
2019-01-24,Bhavanisagar,0.5854999999999999
2019-01-31,Bhavanisagar,0.565
2019-02-07,Bhavanisagar,0.526
2019-02-14,Bhavanisagar,0.478
2019-02-21,Bhavanisagar,0.469
2019-02-28,Bhavanisagar,0.4275
2019-03-07,Bhavanisagar,0.386
2019-03-14,Bhavanisagar,0.37
2019-03-21,Bhavanisagar,0.3035
2019-03-28,Bhavanisagar,0.276
2019-04-04,Bhavanisagar,0.26
2019-04-11,Bhavanisagar,0.245
2019-04-18,Bhavanisagar,0.177
2019-04-25,Bhavanisagar,0.15
2019-05-02,Bhavanisagar,0.14
2019-05-09,Bhavanisagar,0.14
2019-05-16,Bhavanisagar,0.144
2019-05-23,Bhavanisagar,0.149
2019-05-30,Bhavanisagar,0.15
2019-06-06,Bhavanisagar,0.155
2019-06-13,Bhavanisagar,0.159
2019-06-20,Bhavanisagar,0.167
2019-06-27,Bhavanisagar,0.164
2019-07-04,Bhavanisagar,0.167
2019-07-11,Bhavanisagar,0.1815
2019-07-18,Bhavanisagar,0.196
2019-07-25,Bhavanisagar,0.213
2019-08-01,Bhavanisagar,0.228
2019-08-08,Bhavanisagar,0.32
2019-08-15,Bhavanisagar,0.6795
2019-08-22,Bhavanisagar,0.692
2019-08-29,Bhavanisagar,0.686
2019-09-05,Bhavanisagar,0.692
2019-09-12,Bhavanisagar,0.734
2019-09-19,Bhavanisagar,0.7315
2019-09-26,Bhavanisagar,0.729
2019-10-03,Bhavanisagar,0.722
2019-10-10,Bhavanisagar,0.723
2019-10-17,Bhavanisagar,0.748
2019-10-24,Bhavanisagar,0.792
2019-10-31,Bhavanisagar,0.792
2019-11-07,Bhavanisagar,0.792
2019-11-14,Bhavanisagar,0.792
2019-11-21,Bhavanisagar,0.792
2019-11-28,Bhavanisagar,0.792
2019-12-05,Bhavanisagar,0.792
2019-12-12,Bhavanisagar,0.792
2019-12-19,Bhavanisagar,0.792
2019-12-26,Bhavanisagar,0.792
2020-01-02,Bhavanisagar,0.792
2020-01-09,Bhavanisagar,0.792
2020-01-16,Bhavanisagar,0.792
2020-01-23,Bhavanisagar,0.792
2020-01-30,Bhavanisagar,0.792
2020-02-06,Bhavanisagar,0.792
2020-02-13,Bhavanisagar,0.792
2020-02-20,Bhavanisagar,0.769
2020-02-27,Bhavanisagar,0.754
2020-03-05,Bhavanisagar,0.716
2020-03-12,Bhavanisagar,0.673
2020-03-19,Bhavanisagar,0.668
2020-03-26,Bhavanisagar,0.652
2020-04-02,Bhavanisagar,0.599
2020-04-09,Bhavanisagar,0.579
2020-04-16,Bhavanisagar,0.556
2020-04-23,Bhavanisagar,0.503
2020-04-30,Bhavanisagar,0.464
2020-05-07,Bhavanisagar,0.45
2020-05-14,Bhavanisagar,0.444
2020-05-21,Bhavanisagar,0.435
2020-05-28,Bhavanisagar,0.433
2020-06-04,Bhavanisagar,0.431
2020-06-11,Bhavanisagar,0.441
2020-06-18,Bhavanisagar,0.444
2020-06-25,Bhavanisagar,0.454
2020-07-02,Bhavanisagar,0.457
2020-07-09,Bhavanisagar,0.478
2020-07-16,Bhavanisagar,0.487
2020-07-23,Bhavanisagar,0.516
2020-07-30,Bhavanisagar,0.525
2020-08-06,Bhavanisagar,0.635
2020-08-13,Bhavanisagar,0.792
2020-08-20,Bhavanisagar,0.792
2020-08-27,Bhavanisagar,0.792
2020-09-03,Bhavanisagar,0.792
2020-09-10,Bhavanisagar,0.792
2020-09-17,Bhavanisagar,0.792
2020-09-24,Bhavanisagar,0.792
2020-10-01,Bhavanisagar,0.792
2020-10-08,Bhavanisagar,0.792
2020-10-15,Bhavanisagar,0.792
2020-10-22,Bhavanisagar,0.785
2020-10-29,Bhavanisagar,0.755
2020-11-05,Bhavanisagar,0.732
2020-11-12,Bhavanisagar,0.732
2020-11-19,Bhavanisagar,0.724
2020-11-26,Bhavanisagar,0.716
2020-12-03,Bhavanisagar,0.7135
2020-12-10,Bhavanisagar,0.711
2020-12-17,Bhavanisagar,0.707
2020-12-24,Bhavanisagar,0.685
2020-12-31,Bhavanisagar,0.688
2021-01-07,Bhavanisagar,0.703
2021-01-14,Bhavanisagar,0.738
2021-01-21,Bhavanisagar,0.767
2021-01-28,Bhavanisagar,0.78
2021-02-04,Bhavanisagar,0.754
2021-02-11,Bhavanisagar,0.723
2021-02-18,Bhavanisagar,0.723
2021-02-25,Bhavanisagar,0.733
2021-03-04,Bhavanisagar,0.705
2021-03-11,Bhavanisagar,0.675
2021-03-18,Bhavanisagar,0.683
2021-03-25,Bhavanisagar,0.673
2021-04-01,Bhavanisagar,0.636
2021-04-08,Bhavanisagar,0.611
2021-04-15,Bhavanisagar,0.612
2021-04-22,Bhavanisagar,0.602
2021-04-29,Bhavanisagar,0.592
2021-05-06,Bhavanisagar,0.578
2021-05-13,Bhavanisagar,0.582
2021-05-20,Bhavanisagar,0.592
2021-05-27,Bhavanisagar,0.595
2021-06-03,Bhavanisagar,0.598
2021-06-10,Bhavanisagar,0.594
2021-06-17,Bhavanisagar,0.596
2021-06-24,Bhavanisagar,0.665
2021-07-01,Bhavanisagar,0.676
2021-07-08,Bhavanisagar,0.675
2021-07-15,Bhavanisagar,0.692
2021-07-22,Bhavanisagar,0.74
2021-07-29,Bhavanisagar,0.792
2021-08-05,Bhavanisagar,0.792
2021-08-12,Bhavanisagar,0.792
2021-08-19,Bhavanisagar,0.792
2021-08-26,Bhavanisagar,0.792
2021-09-02,Bhavanisagar,0.792
2021-09-09,Bhavanisagar,0.792
2021-09-16,Bhavanisagar,0.792
2021-09-23,Bhavanisagar,0.792
2021-09-30,Bhavanisagar,0.792
2021-10-07,Bhavanisagar,0.792
2021-10-14,Bhavanisagar,0.792
2021-10-21,Bhavanisagar,0.792
2021-10-28,Bhavanisagar,0.792
2021-11-04,Bhavanisagar,0.792
2021-11-11,Bhavanisagar,0.792
2021-11-18,Bhavanisagar,0.792
2021-11-25,Bhavanisagar,0.792
2021-12-02,Bhavanisagar,0.792
2021-12-09,Bhavanisagar,0.792
2021-12-16,Bhavanisagar,0.792
2021-12-23,Bhavanisagar,0.792
2021-12-30,Bhavanisagar,0.792
2022-01-06,Bhavanisagar,0.792
2022-01-13,Bhavanisagar,0.792
2022-01-20,Bhavanisagar,0.792
2022-01-27,Bhavanisagar,0.787
2022-02-03,Bhavanisagar,0.785
2022-02-10,Bhavanisagar,0.747
2022-02-17,Bhavanisagar,0.703
2022-02-24,Bhavanisagar,0.669
2022-03-03,Bhavanisagar,0.6446666666666667
2022-03-10,Bhavanisagar,0.6203333333333333
2022-03-17,Bhavanisagar,0.596
2022-03-24,Bhavanisagar,0.584
2022-03-31,Bhavanisagar,0.5616666666666666
2022-04-07,Bhavanisagar,0.5393333333333333
2022-05-05,Bhavanisagar,0.45
2022-05-12,Bhavanisagar,0.459
2022-05-19,Bhavanisagar,0.467
2022-05-26,Bhavanisagar,0.477
2022-06-02,Bhavanisagar,0.483
2022-06-09,Bhavanisagar,0.489
2022-06-16,Bhavanisagar,0.48733333333333334
2022-06-23,Bhavanisagar,0.48566666666666664
2022-06-30,Bhavanisagar,0.484
2022-07-07,Bhavanisagar,0.513
2022-07-14,Bhavanisagar,0.622
2022-07-21,Bhavanisagar,0.792
2022-07-28,Bhavanisagar,0.792
2022-08-04,Bhavanisagar,0.792
2022-08-11,Bhavanisagar,0.792
2022-08-18,Bhavanisagar,0.792
2022-08-25,Bhavanisagar,0.792
2022-09-01,Bhavanisagar,0.792
2022-09-08,Bhavanisagar,0.792
2022-09-15,Bhavanisagar,0.792
2022-09-22,Bhavanisagar,0.792
2022-09-29,Bhavanisagar,0.792
2022-10-06,Bhavanisagar,0.792
2022-10-13,Bhavanisagar,0.792
2022-10-20,Bhavanisagar,0.792
2022-10-27,Bhavanisagar,0.792
2022-11-03,Bhavanisagar,0.792
2022-11-10,Bhavanisagar,0.792
2022-11-17,Bhavanisagar,0.792
2022-11-24,Bhavanisagar,0.792
2022-12-01,Bhavanisagar,0.792
2022-12-08,Bhavanisagar,0.792
2022-12-15,Bhavanisagar,0.792
2022-12-22,Bhavanisagar,0.792
2022-12-29,Bhavanisagar,0.792
2023-01-05,Bhavanisagar,0.792
2023-01-12,Bhavanisagar,0.792
2023-01-19,Bhavanisagar,0.792
2023-01-26,Bhavanisagar,0.792
2023-02-02,Bhavanisagar,0.792
2023-02-09,Bhavanisagar,0.78
2023-02-16,Bhavanisagar,0.766
2023-02-23,Bhavanisagar,0.724
2023-03-02,Bhavanisagar,0.691
2023-03-09,Bhavanisagar,0.683
2023-03-16,Bhavanisagar,0.637
2023-03-23,Bhavanisagar,0.6276666666666667
2023-03-30,Bhavanisagar,0.6183333333333333
2023-04-06,Bhavanisagar,0.575
2023-04-13,Bhavanisagar,0.557
2023-04-20,Bhavanisagar,0.535
2023-04-27,Bhavanisagar,0.485
2023-05-04,Bhavanisagar,0.485
2023-05-11,Bhavanisagar,0.497
2023-05-18,Bhavanisagar,0.495
2023-05-25,Bhavanisagar,0.484
2023-06-01,Bhavanisagar,0.472
2023-06-08,Bhavanisagar,0.459
2023-06-15,Bhavanisagar,0.444
2023-06-22,Bhavanisagar,0.428
2023-06-29,Bhavanisagar,0.4195
2023-07-06,Bhavanisagar,0.423
2023-07-13,Bhavanisagar,0.435
2023-07-20,Bhavanisagar,0.426
2023-07-27,Bhavanisagar,0.482
2023-08-03,Bhavanisagar,0.504
2023-08-10,Bhavanisagar,0.499
2023-08-17,Bhavanisagar,0.494
2023-08-24,Bhavanisagar,0.472
2023-08-31,Bhavanisagar,0.432
2023-09-07,Bhavanisagar,0.39449999999999996
2023-09-14,Bhavanisagar,0.38
2023-09-21,Bhavanisagar,0.36
2023-09-28,Bhavanisagar,0.34299999999999997
2023-10-05,Bhavanisagar,0.316
2023-10-12,Bhavanisagar,0.292
2023-10-19,Bhavanisagar,0.294
2023-10-26,Bhavanisagar,0.272
2023-11-02,Bhavanisagar,0.249
2023-11-09,Bhavanisagar,0.322
2023-11-16,Bhavanisagar,0.373
2023-11-23,Bhavanisagar,0.387
2023-11-30,Bhavanisagar,0.466
2023-12-07,Bhavanisagar,0.457
2023-12-14,Bhavanisagar,0.509
2023-12-21,Bhavanisagar,0.502
2023-12-28,Bhavanisagar,0.481
2024-01-04,Bhavanisagar,0.483
2024-01-11,Bhavanisagar,0.486
2024-01-18,Bhavanisagar,0.458
2024-01-25,Bhavanisagar,0.439
2024-02-01,Bhavanisagar,0.431
2024-02-08,Bhavanisagar,0.402
2024-02-15,Bhavanisagar,0.351
2024-02-22,Bhavanisagar,0.326
2024-02-29,Bhavanisagar,0.31
2024-03-07,Bhavanisagar,0.262
2024-03-14,Bhavanisagar,0.209
2024-03-21,Bhavanisagar,0.19
2024-03-28,Bhavanisagar,0.158
2024-04-04,Bhavanisagar,0.111
2024-04-11,Bhavanisagar,0.1085
2024-04-18,Bhavanisagar,0.103
2024-04-25,Bhavanisagar,0.099
2024-05-02,Bhavanisagar,0.097
2024-05-09,Bhavanisagar,0.094
2024-05-16,Bhavanisagar,0.091
2024-05-23,Bhavanisagar,0.112
2024-05-30,Bhavanisagar,0.157
2024-06-06,Bhavanisagar,0.172
2024-06-13,Bhavanisagar,0.182
2024-06-20,Bhavanisagar,0.188
2024-06-27,Bhavanisagar,0.208
2024-07-04,Bhavanisagar,0.277
2024-07-11,Bhavanisagar,0.305
2024-07-18,Bhavanisagar,0.412
2024-07-25,Bhavanisagar,0.531
2024-08-01,Bhavanisagar,0.672
2024-08-08,Bhavanisagar,0.717
2024-08-15,Bhavanisagar,0.7295
2024-08-22,Bhavanisagar,0.756
2024-08-29,Bhavanisagar,0.75
2024-09-05,Bhavanisagar,0.731
2024-09-12,Bhavanisagar,0.699
2024-09-19,Bhavanisagar,0.656
2024-09-26,Bhavanisagar,0.606
2024-10-03,Bhavanisagar,0.581
2024-10-10,Bhavanisagar,0.564
2024-10-17,Bhavanisagar,0.591
2024-10-24,Bhavanisagar,0.618
2024-10-31,Bhavanisagar,0.625
2024-11-07,Bhavanisagar,0.722
2024-11-14,Bhavanisagar,0.737
2024-11-21,Bhavanisagar,0.754
2024-11-28,Bhavanisagar,0.759
2024-12-05,Bhavanisagar,0.789
2024-12-12,Bhavanisagar,0.789
2024-12-19,Bhavanisagar,0.792
2024-12-26,Bhavanisagar,0.78
2025-01-02,Bhavanisagar,0.76
2025-01-09,Bhavanisagar,0.749
2025-01-16,Bhavanisagar,0.725
2025-01-23,Bhavanisagar,0.695
2025-01-30,Bhavanisagar,0.684
2025-02-06,Bhavanisagar,0.678
2025-02-13,Bhavanisagar,0.63
2025-02-20,Bhavanisagar,0.583
2025-02-27,Bhavanisagar,0.569
2025-03-06,Bhavanisagar,0.535
2025-03-13,Bhavanisagar,0.484
2025-03-20,Bhavanisagar,0.463
2025-03-27,Bhavanisagar,0.42800000000000005
2025-04-03,Bhavanisagar,0.393
2025-04-10,Bhavanisagar,0.380085
2025-04-17,Bhavanisagar,0.36717
2025-04-24,Bhavanisagar,0.338
2025-05-01,Bhavanisagar,0.29524
2025-05-08,Bhavanisagar,0.29351
2025-04-03,Manimuthar,0.071
2025-04-10,Manimuthar,0.072225
2025-04-17,Manimuthar,0.07345
2025-04-24,Manimuthar,0.07401
2025-05-01,Manimuthar,0.07382
2025-05-08,Manimuthar,0.07339
2015-04-16,Mettur,0.949
2015-04-23,Mettur,0.941
2015-04-30,Mettur,0.9
2015-05-07,Mettur,0.86
2015-05-14,Mettur,0.857
2015-05-21,Mettur,0.906
2015-05-28,Mettur,0.956
2015-06-04,Mettur,0.98
2015-06-11,Mettur,1.03
2015-06-18,Mettur,1.032
2015-06-25,Mettur,1.039
2015-07-02,Mettur,1.195
2015-07-09,Mettur,1.316
2015-07-16,Mettur,1.349
2015-07-23,Mettur,1.488
2015-07-30,Mettur,1.638
2015-08-06,Mettur,1.707
2015-08-13,Mettur,1.6219999999999999
2015-08-20,Mettur,1.537
2015-08-27,Mettur,1.613
2015-09-03,Mettur,1.463
2015-09-10,Mettur,1.258
2015-09-17,Mettur,1.064
2015-09-24,Mettur,0.9035
2015-10-01,Mettur,0.911
2015-10-08,Mettur,0.916
2015-10-15,Mettur,0.891
2015-10-22,Mettur,0.8075
2015-10-29,Mettur,0.724
2015-11-05,Mettur,0.807
2015-11-12,Mettur,1.099
2015-11-19,Mettur,1.355
2015-11-26,Mettur,1.502
2015-12-03,Mettur,1.581
2015-12-10,Mettur,1.682
2015-12-17,Mettur,1.722
2015-12-24,Mettur,1.661
2015-12-31,Mettur,1.578
2016-01-07,Mettur,1.34
2016-01-14,Mettur,1.11
2016-01-21,Mettur,1.01
2016-01-28,Mettur,0.957
2016-02-04,Mettur,0.914
2016-02-11,Mettur,0.854
2016-02-18,Mettur,0.757
2016-02-25,Mettur,0.722
2016-03-03,Mettur,0.72
2016-03-10,Mettur,0.715
2016-03-17,Mettur,0.694
2016-03-24,Mettur,0.658
2016-03-31,Mettur,0.641
2016-04-07,Mettur,0.621
2016-04-14,Mettur,0.5894999999999999
2016-04-21,Mettur,0.575
2016-04-28,Mettur,0.5405
2016-05-05,Mettur,0.506
2016-05-12,Mettur,0.478
2016-05-19,Mettur,0.461
2016-05-26,Mettur,0.4455
2016-06-02,Mettur,0.43
2016-06-09,Mettur,0.409
2016-06-16,Mettur,0.388
2016-06-23,Mettur,0.377
2016-06-30,Mettur,0.38
2016-07-07,Mettur,0.4225
2016-07-14,Mettur,0.451
2016-07-21,Mettur,0.589
2016-07-28,Mettur,0.641
2016-08-04,Mettur,0.702
2016-08-11,Mettur,0.746
2016-08-18,Mettur,0.788
2016-08-25,Mettur,0.9385
2016-09-01,Mettur,0.996
2016-09-08,Mettur,1.083
2016-09-15,Mettur,1.3
2016-09-22,Mettur,1.415
2016-09-29,Mettur,1.202
2016-10-06,Mettur,1.043
2016-10-13,Mettur,0.897
2016-10-20,Mettur,0.702
2016-10-27,Mettur,0.528
2016-11-03,Mettur,0.406
2016-11-10,Mettur,0.367
2016-11-17,Mettur,0.357
2016-11-24,Mettur,0.364
2016-12-01,Mettur,0.35
2016-12-08,Mettur,0.34
2016-12-15,Mettur,0.327
2016-12-22,Mettur,0.316
2016-12-29,Mettur,0.305
2017-01-05,Mettur,0.29200000000000004
2017-01-12,Mettur,0.279
2017-01-19,Mettur,0.275
2017-01-26,Mettur,0.2405
2017-02-02,Mettur,0.265
2017-02-09,Mettur,0.255
2017-02-16,Mettur,0.247
2017-02-23,Mettur,0.238
2017-03-02,Mettur,0.228
2017-03-09,Mettur,0.221
2017-03-16,Mettur,0.21150000000000002
2017-03-23,Mettur,0.202
2017-03-30,Mettur,0.188
2017-04-06,Mettur,0.178
2017-04-13,Mettur,0.17
2017-04-20,Mettur,0.159
2017-04-27,Mettur,0.148
2017-05-04,Mettur,0.138
2017-05-11,Mettur,0.132
2017-05-18,Mettur,0.117
2017-05-25,Mettur,0.12833333333333333
2017-06-01,Mettur,0.13966666666666666
2017-06-08,Mettur,0.151
2017-06-15,Mettur,0.145
2017-06-22,Mettur,0.136
2017-06-29,Mettur,0.131
2017-07-06,Mettur,0.121
2017-07-13,Mettur,0.125
2017-07-20,Mettur,0.166
2017-07-27,Mettur,0.235
2017-08-03,Mettur,0.304
2017-08-10,Mettur,0.354
2017-08-17,Mettur,0.483
2017-08-24,Mettur,0.587
2017-08-31,Mettur,0.64
2017-09-07,Mettur,0.903
2017-09-14,Mettur,1.0245
2017-09-21,Mettur,1.146
2017-09-28,Mettur,1.399
2017-10-05,Mettur,1.65
2017-10-12,Mettur,1.706
2017-10-19,Mettur,1.612
2017-10-26,Mettur,1.466
2017-11-02,Mettur,1.4015
2017-11-09,Mettur,1.337
2017-11-16,Mettur,1.316
2017-11-23,Mettur,1.19
2017-11-30,Mettur,1.122
2017-12-07,Mettur,1.144
2017-12-14,Mettur,1.167
2017-12-21,Mettur,1.035
2017-12-28,Mettur,0.891
2018-01-04,Mettur,0.731
2018-01-11,Mettur,0.621
2018-01-18,Mettur,0.621
2018-01-25,Mettur,0.422
2018-02-01,Mettur,0.403
2018-02-08,Mettur,0.403
2018-02-15,Mettur,0.384
2018-02-22,Mettur,0.38
2018-03-01,Mettur,0.366
2018-03-08,Mettur,0.357
2018-03-15,Mettur,0.351
2018-03-22,Mettur,0.323
2018-03-29,Mettur,0.3065
2018-04-05,Mettur,0.302
2018-04-12,Mettur,0.289
2018-04-19,Mettur,0.279
2018-04-26,Mettur,0.278
2018-05-03,Mettur,0.271
2018-05-10,Mettur,0.264
2018-05-17,Mettur,0.257
2018-05-24,Mettur,0.246
2018-05-31,Mettur,0.305
2018-06-07,Mettur,0.325
2018-06-14,Mettur,0.341
2018-06-21,Mettur,0.51
2018-06-28,Mettur,0.629
2018-07-05,Mettur,0.755
2018-07-12,Mettur,0.888
2018-07-19,Mettur,2.181
2018-07-26,Mettur,2.4139999999999997
2018-08-02,Mettur,2.647
2018-08-09,Mettur,2.647
2018-08-16,Mettur,2.647
2018-08-23,Mettur,2.647
2018-08-30,Mettur,2.639
2018-09-06,Mettur,2.647
2018-09-13,Mettur,2.501
2018-09-20,Mettur,2.244
2018-09-27,Mettur,2.089
2018-10-04,Mettur,1.934
2018-10-11,Mettur,1.962
2018-10-18,Mettur,1.991
2018-10-25,Mettur,2.02
2018-11-01,Mettur,1.765
2018-11-08,Mettur,1.815
2018-11-15,Mettur,1.842
2018-11-22,Mettur,1.881
2018-11-29,Mettur,1.963
2018-12-06,Mettur,1.967
2018-12-13,Mettur,1.901
2018-12-20,Mettur,1.673
2018-12-27,Mettur,1.5226666666666666
2019-01-03,Mettur,1.3723333333333334
2019-01-10,Mettur,1.222
2019-01-17,Mettur,1.003
2019-01-24,Mettur,0.9744999999999999
2019-01-31,Mettur,0.946
2019-02-07,Mettur,0.935
2019-02-14,Mettur,0.924
2019-02-21,Mettur,0.908
2019-02-28,Mettur,0.8795
2019-03-07,Mettur,0.851
2019-03-14,Mettur,0.832
2019-03-21,Mettur,0.804
2019-03-28,Mettur,0.794
2019-04-04,Mettur,0.728
2019-04-11,Mettur,0.655
2019-04-18,Mettur,0.604
2019-04-25,Mettur,0.575
2019-05-02,Mettur,0.553
2019-05-09,Mettur,0.534
2019-05-16,Mettur,0.501
2019-05-23,Mettur,0.469
2019-05-30,Mettur,0.45
2019-06-06,Mettur,0.433
2019-06-13,Mettur,0.427
2019-06-20,Mettur,0.415
2019-06-27,Mettur,0.401
2019-07-04,Mettur,0.386
2019-07-11,Mettur,0.366
2019-07-18,Mettur,0.346
2019-07-25,Mettur,0.359
2019-08-01,Mettur,0.485
2019-08-08,Mettur,0.578
2019-08-15,Mettur,2.312
2019-08-22,Mettur,2.493
2019-08-29,Mettur,2.518
2019-09-05,Mettur,2.464
2019-09-12,Mettur,2.647
2019-09-19,Mettur,2.647
2019-09-26,Mettur,2.647
2019-10-03,Mettur,2.634
2019-10-10,Mettur,2.502
2019-10-17,Mettur,2.345
2019-10-24,Mettur,2.647
2019-10-31,Mettur,2.647
2019-11-07,Mettur,2.647
2019-11-14,Mettur,2.647
2019-11-21,Mettur,2.647
2019-11-28,Mettur,2.647
2019-12-05,Mettur,2.647
2019-12-12,Mettur,2.647
2019-12-19,Mettur,2.647
2019-12-26,Mettur,2.593
2020-01-02,Mettur,2.586
2020-01-09,Mettur,2.423
2020-01-16,Mettur,2.303
2020-01-23,Mettur,2.162
2020-01-30,Mettur,2.119
2020-02-06,Mettur,2.096
2020-02-13,Mettur,2.075
2020-02-20,Mettur,2.053
2020-02-27,Mettur,2.036
2020-03-05,Mettur,2.031
2020-03-12,Mettur,2.0
2020-03-19,Mettur,1.982
2020-03-26,Mettur,1.964
2020-04-02,Mettur,1.936
2020-04-09,Mettur,1.9
2020-04-16,Mettur,1.879
2020-04-23,Mettur,1.858
2020-04-30,Mettur,1.839
2020-05-07,Mettur,1.8405
2020-05-14,Mettur,1.839
2020-05-21,Mettur,1.842
2020-05-28,Mettur,1.861
2020-06-04,Mettur,1.892
2020-06-11,Mettur,1.9
2020-06-18,Mettur,1.803
2020-06-25,Mettur,1.635
2020-07-02,Mettur,1.469
2020-07-09,Mettur,1.219
2020-07-16,Mettur,0.986
2020-07-23,Mettur,0.867
2020-07-30,Mettur,0.802
2020-08-06,Mettur,0.791
2020-08-13,Mettur,1.743
2020-08-20,Mettur,1.803
2020-08-27,Mettur,1.655
2020-09-03,Mettur,1.475
2020-09-10,Mettur,1.545
2020-09-17,Mettur,1.546
2020-09-24,Mettur,1.771
2020-10-01,Mettur,1.715
2020-10-08,Mettur,1.765
2020-10-15,Mettur,1.836
2020-10-22,Mettur,1.783
2020-10-29,Mettur,1.863
2020-11-05,Mettur,1.706
2020-11-12,Mettur,1.638
2020-11-19,Mettur,1.7245
2020-11-26,Mettur,1.811
2020-12-03,Mettur,1.897
2020-12-10,Mettur,1.983
2020-12-17,Mettur,2.072
2020-12-24,Mettur,2.092
2020-12-31,Mettur,2.059
2021-01-07,Mettur,2.022
2021-01-14,Mettur,2.036
2021-01-21,Mettur,2.057
2021-01-28,Mettur,2.061
2021-02-04,Mettur,2.049
2021-02-11,Mettur,2.023
2021-02-18,Mettur,1.993
2021-02-25,Mettur,1.966
2021-03-04,Mettur,1.937
2021-03-11,Mettur,1.913
2021-03-18,Mettur,1.878
2021-03-25,Mettur,1.847
2021-04-01,Mettur,1.816
2021-04-08,Mettur,1.786
2021-04-15,Mettur,1.76
2021-04-22,Mettur,1.7574999999999998
2021-04-29,Mettur,1.755
2021-05-06,Mettur,1.762
2021-05-13,Mettur,1.758
2021-05-20,Mettur,1.759
2021-05-27,Mettur,1.7475
2021-06-03,Mettur,1.736
2021-06-10,Mettur,1.721
2021-06-17,Mettur,1.633
2021-06-24,Mettur,1.513
2021-07-01,Mettur,1.345
2021-07-08,Mettur,1.113
2021-07-15,Mettur,0.986
2021-07-22,Mettur,1.013
2021-07-29,Mettur,1.214
2021-08-05,Mettur,1.174
2021-08-12,Mettur,1.01
2021-08-19,Mettur,0.86
2021-08-26,Mettur,0.831
2021-09-02,Mettur,0.894
2021-09-09,Mettur,1.06
2021-09-16,Mettur,1.031
2021-09-23,Mettur,1.014
2021-09-30,Mettur,1.002
2021-10-07,Mettur,1.086
2021-10-14,Mettur,1.34
2021-10-21,Mettur,1.631
2021-10-28,Mettur,2.109
2021-11-04,Mettur,2.4575
2021-11-11,Mettur,2.602
2021-11-18,Mettur,2.647
2021-11-25,Mettur,2.647
2021-12-02,Mettur,2.647
2021-12-09,Mettur,2.647
2021-12-16,Mettur,2.647
2021-12-23,Mettur,2.647
2021-12-30,Mettur,2.491
2022-01-06,Mettur,2.49
2022-01-13,Mettur,2.437
2022-01-20,Mettur,2.307
2022-01-27,Mettur,2.181
2022-02-03,Mettur,2.158
2022-02-10,Mettur,2.154
2022-02-17,Mettur,2.13
2022-02-24,Mettur,2.104
2022-03-03,Mettur,2.08
2022-03-10,Mettur,2.056
2022-03-17,Mettur,2.032
2022-03-24,Mettur,2.022
2022-03-31,Mettur,2.028833333333333
2022-04-07,Mettur,2.0356666666666667
2022-05-05,Mettur,2.063
2022-05-12,Mettur,2.109
2022-05-19,Mettur,2.265
2022-05-26,Mettur,2.554
2022-06-02,Mettur,2.4955
2022-06-09,Mettur,2.437
2022-06-16,Mettur,2.2966666666666664
2022-06-23,Mettur,2.1563333333333334
2022-06-30,Mettur,2.016
2022-07-07,Mettur,1.846
2022-07-14,Mettur,2.226
2022-07-21,Mettur,2.647
2022-07-28,Mettur,2.647
2022-08-04,Mettur,2.647
2022-08-11,Mettur,2.647
2022-08-18,Mettur,2.647
2022-08-25,Mettur,2.647
2022-09-01,Mettur,2.647
2022-09-08,Mettur,2.647
2022-09-15,Mettur,2.647
2022-09-22,Mettur,2.647
2022-09-29,Mettur,2.591
2022-10-06,Mettur,2.6189999999999998
2022-10-13,Mettur,2.647
2022-10-20,Mettur,2.647
2022-10-27,Mettur,2.647
2022-11-03,Mettur,2.647
2022-11-10,Mettur,2.647
2022-11-17,Mettur,2.647
2022-11-24,Mettur,2.647
2022-12-01,Mettur,2.647
2022-12-08,Mettur,2.647
2022-12-15,Mettur,2.647
2022-12-22,Mettur,2.647
2022-12-29,Mettur,2.647
2023-01-05,Mettur,2.516
2023-01-12,Mettur,2.339
2023-01-19,Mettur,2.156
2023-01-26,Mettur,2.0010000000000003
2023-02-02,Mettur,1.975
2023-02-09,Mettur,1.978
2023-02-16,Mettur,1.98
2023-02-23,Mettur,1.974
2023-03-02,Mettur,1.969
2023-03-09,Mettur,1.967
2023-03-16,Mettur,1.965
2023-03-23,Mettur,1.9576666666666667
2023-03-30,Mettur,1.9503333333333335
2023-04-06,Mettur,1.937
2023-04-13,Mettur,1.935
2023-04-20,Mettur,1.919
2023-04-27,Mettur,1.895
2023-05-04,Mettur,1.896
2023-05-11,Mettur,1.96
2023-05-18,Mettur,1.981
2023-05-25,Mettur,1.968
2023-06-01,Mettur,1.975
2023-06-08,Mettur,1.97
2023-06-15,Mettur,1.895
2023-06-22,Mettur,1.726
2023-06-29,Mettur,1.616
2023-07-06,Mettur,1.3265
2023-07-13,Mettur,1.147
2023-07-20,Mettur,0.974
2023-07-27,Mettur,0.806
2023-08-03,Mettur,0.726
2023-08-10,Mettur,0.643
2023-08-17,Mettur,0.56
2023-08-24,Mettur,0.612
2023-08-31,Mettur,0.504
2023-09-07,Mettur,0.43100000000000005
2023-09-14,Mettur,0.404
2023-09-21,Mettur,0.322
2023-09-28,Mettur,0.317
2023-10-05,Mettur,0.256
2023-10-12,Mettur,0.25
2023-10-19,Mettur,0.429
2023-10-26,Mettur,0.503
2023-11-02,Mettur,0.554
2023-11-09,Mettur,0.614
2023-11-16,Mettur,0.715
2023-11-23,Mettur,0.774
2023-11-30,Mettur,0.837
2023-12-07,Mettur,0.871
2023-12-14,Mettur,0.912
2023-12-21,Mettur,0.939
2023-12-28,Mettur,0.954
2024-01-04,Mettur,0.957
2024-01-11,Mettur,0.954
2024-01-18,Mettur,0.947
2024-01-25,Mettur,0.946
2024-02-01,Mettur,0.94
2024-02-08,Mettur,0.87
2024-02-15,Mettur,0.825
2024-02-22,Mettur,0.806
2024-02-29,Mettur,0.787
2024-03-07,Mettur,0.767
2024-03-14,Mettur,0.747
2024-03-21,Mettur,0.729
2024-03-28,Mettur,0.709
2024-04-04,Mettur,0.678
2024-04-11,Mettur,0.656
2024-04-18,Mettur,0.61
2024-04-25,Mettur,0.584
2024-05-02,Mettur,0.561
2024-05-09,Mettur,0.535
2024-05-16,Mettur,0.507
2024-05-23,Mettur,0.4915
2024-05-30,Mettur,0.453
2024-06-06,Mettur,0.417
2024-06-13,Mettur,0.393
2024-06-20,Mettur,0.367
2024-06-27,Mettur,0.346
2024-07-04,Mettur,0.338
2024-07-11,Mettur,0.367
2024-07-18,Mettur,0.505
2024-07-25,Mettur,1.469
2024-08-01,Mettur,2.647
2024-08-08,Mettur,2.647
2024-08-15,Mettur,2.647
2024-08-22,Mettur,2.623
2024-08-29,Mettur,2.49
2024-09-05,Mettur,2.481
2024-09-12,Mettur,2.348
2024-09-19,Mettur,2.123
2024-09-26,Mettur,1.797
2024-10-03,Mettur,1.627
2024-10-10,Mettur,1.526
2024-10-17,Mettur,1.602
2024-10-24,Mettur,1.888
2024-10-31,Mettur,2.012
2024-11-07,Mettur,2.094
2024-11-14,Mettur,2.063
2024-11-21,Mettur,2.154
2024-11-28,Mettur,2.223
2024-12-05,Mettur,2.41
2024-12-12,Mettur,2.516
2024-12-19,Mettur,2.599
2024-12-26,Mettur,2.626
2025-01-02,Mettur,2.647
2025-01-09,Mettur,2.475
2025-01-16,Mettur,2.378
2025-01-23,Mettur,2.299
2025-01-30,Mettur,2.246
2025-02-06,Mettur,2.238
2025-02-13,Mettur,2.228
2025-02-20,Mettur,2.219
2025-02-27,Mettur,2.211
2025-03-06,Mettur,2.195
2025-03-13,Mettur,2.177
2025-03-20,Mettur,2.158
2025-03-27,Mettur,2.15
2025-04-03,Mettur,2.142
2025-04-10,Mettur,2.131245
2025-04-17,Mettur,2.12049
2025-04-24,Mettur,2.13032
2025-05-01,Mettur,2.13108
2025-05-08,Mettur,2.1532
2025-04-03,Papanasam,0.062
2025-04-10,Papanasam,0.062204999999999996
2025-04-17,Papanasam,0.06241
2025-04-24,Papanasam,0.06137
2025-05-01,Papanasam,0.06745
2025-05-08,Papanasam,0.05805
2015-04-16,Parambikulam,0.07
2015-04-23,Parambikulam,0.069
2015-04-30,Parambikulam,0.067
2015-05-07,Parambikulam,0.064
2015-05-14,Parambikulam,0.063
2015-05-21,Parambikulam,0.063
2015-05-28,Parambikulam,0.063
2015-06-04,Parambikulam,0.062
2015-06-11,Parambikulam,0.062
2015-06-18,Parambikulam,0.062
2015-06-25,Parambikulam,0.063
2015-07-02,Parambikulam,0.083
2015-07-09,Parambikulam,0.09
2015-07-16,Parambikulam,0.103
2015-07-23,Parambikulam,0.125
2015-07-30,Parambikulam,0.147
2015-08-06,Parambikulam,0.165
2015-08-13,Parambikulam,0.174
2015-08-20,Parambikulam,0.183
2015-08-27,Parambikulam,0.205
2015-09-03,Parambikulam,0.218
2015-09-10,Parambikulam,0.242
2015-09-17,Parambikulam,0.252
2015-09-24,Parambikulam,0.263
2015-10-01,Parambikulam,0.2725
2015-10-08,Parambikulam,0.277
2015-10-15,Parambikulam,0.276
2015-10-22,Parambikulam,0.2705
2015-10-29,Parambikulam,0.265
2015-11-05,Parambikulam,0.261
2015-11-12,Parambikulam,0.264
2015-11-19,Parambikulam,0.271
2015-11-26,Parambikulam,0.274
2015-12-03,Parambikulam,0.276
2015-12-10,Parambikulam,0.28
2015-12-17,Parambikulam,0.276
2015-12-24,Parambikulam,0.262
2015-12-31,Parambikulam,0.253
2016-01-07,Parambikulam,0.246
2016-01-14,Parambikulam,0.241
2016-01-21,Parambikulam,0.236
2016-01-28,Parambikulam,0.232
2016-02-04,Parambikulam,0.222
2016-02-11,Parambikulam,0.205
2016-02-18,Parambikulam,0.185
2016-02-25,Parambikulam,0.168
2016-03-03,Parambikulam,0.151
2016-03-10,Parambikulam,0.133
2016-03-17,Parambikulam,0.118
2016-03-24,Parambikulam,0.10300000000000001
2016-03-31,Parambikulam,0.097
2016-04-07,Parambikulam,0.083
2016-04-14,Parambikulam,0.0655
2016-04-21,Parambikulam,0.056
2016-04-28,Parambikulam,0.0495
2016-05-05,Parambikulam,0.043
2016-05-12,Parambikulam,0.039
2016-05-19,Parambikulam,0.035
2016-05-26,Parambikulam,0.034
2016-06-02,Parambikulam,0.033
2016-06-09,Parambikulam,0.034
2016-06-16,Parambikulam,0.035
2016-06-23,Parambikulam,0.037
2016-06-30,Parambikulam,0.039
2016-07-07,Parambikulam,0.074
2016-07-14,Parambikulam,0.086
2016-07-21,Parambikulam,0.114
2016-07-28,Parambikulam,0.129
2016-08-04,Parambikulam,0.133
2016-08-11,Parambikulam,0.131
2016-08-18,Parambikulam,0.143
2016-08-25,Parambikulam,0.1555
2016-09-01,Parambikulam,0.157
2016-09-08,Parambikulam,0.154
2016-09-15,Parambikulam,0.149
2016-09-22,Parambikulam,0.146
2016-09-29,Parambikulam,0.14
2016-10-06,Parambikulam,0.132
2016-10-13,Parambikulam,0.127
2016-10-20,Parambikulam,0.122
2016-10-27,Parambikulam,0.128
2016-11-03,Parambikulam,0.132
2016-11-10,Parambikulam,0.133
2016-11-17,Parambikulam,0.118
2016-11-24,Parambikulam,0.104
2016-12-01,Parambikulam,0.092
2016-12-08,Parambikulam,0.086
2016-12-15,Parambikulam,0.083
2016-12-22,Parambikulam,0.077
2016-12-29,Parambikulam,0.071
2017-01-05,Parambikulam,0.0625
2017-01-12,Parambikulam,0.054
2017-01-19,Parambikulam,0.049
2017-01-26,Parambikulam,0.0665
2017-02-02,Parambikulam,0.041
2017-02-09,Parambikulam,0.037
2017-02-16,Parambikulam,0.034
2017-02-23,Parambikulam,0.03
2017-03-02,Parambikulam,0.025
2017-03-09,Parambikulam,0.024
2017-03-16,Parambikulam,0.0235
2017-03-23,Parambikulam,0.023
2017-03-30,Parambikulam,0.022
2017-04-06,Parambikulam,0.019
2017-04-13,Parambikulam,0.018
2017-04-20,Parambikulam,0.017
2017-04-27,Parambikulam,0.018
2017-05-04,Parambikulam,0.019
2017-05-11,Parambikulam,0.019
2017-05-18,Parambikulam,0.02
2017-05-25,Parambikulam,0.02
2017-06-01,Parambikulam,0.02
2017-06-08,Parambikulam,0.02
2017-06-15,Parambikulam,0.023
2017-06-22,Parambikulam,0.023
2017-06-29,Parambikulam,0.029
2017-07-06,Parambikulam,0.043
2017-07-13,Parambikulam,0.05
2017-07-20,Parambikulam,0.067
2017-07-27,Parambikulam,0.082
2017-08-03,Parambikulam,0.097
2017-08-10,Parambikulam,0.104
2017-08-17,Parambikulam,0.101
2017-08-24,Parambikulam,0.104
2017-08-31,Parambikulam,0.11
2017-09-07,Parambikulam,0.132
2017-09-14,Parambikulam,0.1535
2017-09-21,Parambikulam,0.175
2017-09-28,Parambikulam,0.189
2017-10-05,Parambikulam,0.19
2017-10-12,Parambikulam,0.19
2017-10-19,Parambikulam,0.1895
2017-10-26,Parambikulam,0.187
2017-11-02,Parambikulam,0.1895
2017-11-09,Parambikulam,0.192
2017-11-16,Parambikulam,0.2
2017-11-23,Parambikulam,0.195
2017-11-30,Parambikulam,0.189
2017-12-07,Parambikulam,0.182
2017-12-14,Parambikulam,0.169
2017-12-21,Parambikulam,0.156
2017-12-28,Parambikulam,0.148
2018-01-04,Parambikulam,0.139
2018-01-11,Parambikulam,0.118
2018-01-18,Parambikulam,0.104
2018-01-25,Parambikulam,0.089
2018-02-01,Parambikulam,0.079
2018-02-08,Parambikulam,0.069
2018-02-15,Parambikulam,0.064
2018-02-22,Parambikulam,0.062
2018-03-01,Parambikulam,0.052
2018-03-08,Parambikulam,0.043
2018-03-15,Parambikulam,0.037
2018-03-22,Parambikulam,0.033
2018-03-29,Parambikulam,0.027000000000000003
2018-04-05,Parambikulam,0.025
2018-04-12,Parambikulam,0.022
2018-04-19,Parambikulam,0.024
2018-04-26,Parambikulam,0.023
2018-05-03,Parambikulam,0.021
2018-05-10,Parambikulam,0.022
2018-05-17,Parambikulam,0.023
2018-05-24,Parambikulam,0.023
2018-05-31,Parambikulam,0.027
2018-06-07,Parambikulam,0.029
2018-06-14,Parambikulam,0.053
2018-06-21,Parambikulam,0.081
2018-06-28,Parambikulam,0.1
2018-07-05,Parambikulam,0.124
2018-07-12,Parambikulam,0.154
2018-07-19,Parambikulam,0.316
2018-07-26,Parambikulam,0.34550000000000003
2018-08-02,Parambikulam,0.375
2018-08-09,Parambikulam,0.372
2018-08-16,Parambikulam,0.369
2018-08-23,Parambikulam,0.366
2018-08-30,Parambikulam,0.373
2018-09-06,Parambikulam,0.375
2018-09-13,Parambikulam,0.379
2018-09-20,Parambikulam,0.375
2018-09-27,Parambikulam,0.3705
2018-10-04,Parambikulam,0.366
2018-10-11,Parambikulam,0.365
2018-10-18,Parambikulam,0.3605
2018-10-25,Parambikulam,0.356
2018-11-01,Parambikulam,0.35
2018-11-08,Parambikulam,0.349
2018-11-15,Parambikulam,0.345
2018-11-22,Parambikulam,0.344
2018-11-29,Parambikulam,0.342
2018-12-06,Parambikulam,0.338
2018-12-13,Parambikulam,0.336
2018-12-20,Parambikulam,0.331
2018-12-27,Parambikulam,0.32533333333333336
2019-01-03,Parambikulam,0.31966666666666665
2019-01-10,Parambikulam,0.314
2019-01-17,Parambikulam,0.305
2019-01-24,Parambikulam,0.2925
2019-01-31,Parambikulam,0.28
2019-02-07,Parambikulam,0.263
2019-02-14,Parambikulam,0.253
2019-02-21,Parambikulam,0.25
2019-02-28,Parambikulam,0.238
2019-03-07,Parambikulam,0.226
2019-03-14,Parambikulam,0.209
2019-03-21,Parambikulam,0.1885
2019-03-28,Parambikulam,0.183
2019-04-04,Parambikulam,0.166
2019-04-11,Parambikulam,0.169
2019-04-18,Parambikulam,0.148
2019-04-25,Parambikulam,0.13
2019-05-02,Parambikulam,0.11
2019-05-09,Parambikulam,0.094
2019-05-16,Parambikulam,0.082
2019-05-23,Parambikulam,0.068
2019-05-30,Parambikulam,0.061
2019-06-06,Parambikulam,0.057
2019-06-13,Parambikulam,0.056
2019-06-20,Parambikulam,0.057
2019-06-27,Parambikulam,0.058
2019-07-04,Parambikulam,0.058
2019-07-11,Parambikulam,0.056
2019-07-18,Parambikulam,0.054
2019-07-25,Parambikulam,0.06
2019-08-01,Parambikulam,0.071
2019-08-08,Parambikulam,0.094
2019-08-15,Parambikulam,0.218
2019-08-22,Parambikulam,0.245
2019-08-29,Parambikulam,0.272
2019-09-05,Parambikulam,0.307
2019-09-12,Parambikulam,0.351
2019-09-19,Parambikulam,0.359
2019-09-26,Parambikulam,0.367
2019-10-03,Parambikulam,0.369
2019-10-10,Parambikulam,0.371
2019-10-17,Parambikulam,0.371
2019-10-24,Parambikulam,0.371
2019-10-31,Parambikulam,0.373
2019-11-07,Parambikulam,0.375
2019-11-14,Parambikulam,0.374
2019-11-21,Parambikulam,0.373
2019-11-28,Parambikulam,0.37
2019-12-05,Parambikulam,0.363
2019-12-12,Parambikulam,0.36
2019-12-19,Parambikulam,0.359
2019-12-26,Parambikulam,0.358
2020-01-02,Parambikulam,0.354
2020-01-09,Parambikulam,0.35
2020-01-16,Parambikulam,0.349
2020-01-23,Parambikulam,0.351
2020-01-30,Parambikulam,0.345
2020-02-06,Parambikulam,0.327
2020-02-13,Parambikulam,0.322
2020-02-20,Parambikulam,0.305
2020-02-27,Parambikulam,0.293
2020-03-05,Parambikulam,0.273
2020-03-12,Parambikulam,0.253
2020-03-19,Parambikulam,0.237
2020-03-26,Parambikulam,0.234
2020-04-02,Parambikulam,0.2
2020-04-09,Parambikulam,0.183
2020-04-16,Parambikulam,0.165
2020-04-23,Parambikulam,0.147
2020-04-30,Parambikulam,0.135
2020-05-07,Parambikulam,0.1095
2020-05-14,Parambikulam,0.1
2020-05-21,Parambikulam,0.085
2020-05-28,Parambikulam,0.073
2020-06-04,Parambikulam,0.068
2020-06-11,Parambikulam,0.069
2020-06-18,Parambikulam,0.071
2020-06-25,Parambikulam,0.074
2020-07-02,Parambikulam,0.075
2020-07-09,Parambikulam,0.085
2020-07-16,Parambikulam,0.095
2020-07-23,Parambikulam,0.125
2020-07-30,Parambikulam,0.143
2020-08-06,Parambikulam,0.183
2020-08-13,Parambikulam,0.312
2020-08-20,Parambikulam,0.333
2020-08-27,Parambikulam,0.331
2020-09-03,Parambikulam,0.326
2020-09-10,Parambikulam,0.339
2020-09-17,Parambikulam,0.368
2020-09-24,Parambikulam,0.377
2020-10-01,Parambikulam,0.378
2020-10-08,Parambikulam,0.378
2020-10-15,Parambikulam,0.379
2020-10-22,Parambikulam,0.378
2020-10-29,Parambikulam,0.374
2020-11-05,Parambikulam,0.371
2020-11-12,Parambikulam,0.368
2020-11-19,Parambikulam,0.365
2020-11-26,Parambikulam,0.362
2020-12-03,Parambikulam,0.3645
2020-12-10,Parambikulam,0.367
2020-12-17,Parambikulam,0.363
2020-12-24,Parambikulam,0.359
2020-12-31,Parambikulam,0.354
2021-01-07,Parambikulam,0.343
2021-01-14,Parambikulam,0.334
2021-01-21,Parambikulam,0.324
2021-01-28,Parambikulam,0.312
2021-02-04,Parambikulam,0.301
2021-02-11,Parambikulam,0.293
2021-02-18,Parambikulam,0.286
2021-02-25,Parambikulam,0.275
2021-03-04,Parambikulam,0.265
2021-03-11,Parambikulam,0.255
2021-03-18,Parambikulam,0.242
2021-03-25,Parambikulam,0.227
2021-04-01,Parambikulam,0.211
2021-04-08,Parambikulam,0.197
2021-04-15,Parambikulam,0.183
2021-04-22,Parambikulam,0.16899999999999998
2021-04-29,Parambikulam,0.155
2021-05-06,Parambikulam,0.136
2021-05-13,Parambikulam,0.124
2021-05-20,Parambikulam,0.129
2021-05-27,Parambikulam,0.123
2021-06-03,Parambikulam,0.117
2021-06-10,Parambikulam,0.119
2021-06-17,Parambikulam,0.128
2021-06-24,Parambikulam,0.145
2021-07-01,Parambikulam,0.156
2021-07-08,Parambikulam,0.165
2021-07-15,Parambikulam,0.187
2021-07-22,Parambikulam,0.216
2021-07-29,Parambikulam,0.292
2021-08-05,Parambikulam,0.317
2021-08-12,Parambikulam,0.342
2021-08-19,Parambikulam,0.352
2021-08-26,Parambikulam,0.361
2021-09-02,Parambikulam,0.374
2021-09-09,Parambikulam,0.378
2021-09-16,Parambikulam,0.377
2021-09-23,Parambikulam,0.378
2021-09-30,Parambikulam,0.379
2021-10-07,Parambikulam,0.378
2021-10-14,Parambikulam,0.376
2021-10-21,Parambikulam,0.372
2021-10-28,Parambikulam,0.371
2021-11-04,Parambikulam,0.373
2021-11-11,Parambikulam,0.373
2021-11-18,Parambikulam,0.374
2021-11-25,Parambikulam,0.373
2021-12-02,Parambikulam,0.374
2021-12-09,Parambikulam,0.375
2021-12-16,Parambikulam,0.375
2021-12-23,Parambikulam,0.374
2021-12-30,Parambikulam,0.376
2022-01-06,Parambikulam,0.37
2022-01-13,Parambikulam,0.364
2022-01-20,Parambikulam,0.357
2022-01-27,Parambikulam,0.349
2022-02-03,Parambikulam,0.344
2022-02-10,Parambikulam,0.342
2022-02-17,Parambikulam,0.338
2022-02-24,Parambikulam,0.335
2022-03-03,Parambikulam,0.333
2022-03-10,Parambikulam,0.331
2022-03-17,Parambikulam,0.329
2022-03-24,Parambikulam,0.315
2022-03-31,Parambikulam,0.3005
2022-04-07,Parambikulam,0.28600000000000003
2022-05-05,Parambikulam,0.228
2022-05-12,Parambikulam,0.214
2022-05-19,Parambikulam,0.212
2022-05-26,Parambikulam,0.215
2022-06-02,Parambikulam,0.2135
2022-06-09,Parambikulam,0.212
2022-06-16,Parambikulam,0.213
2022-06-23,Parambikulam,0.214
2022-06-30,Parambikulam,0.215
2022-07-07,Parambikulam,0.242
2022-07-14,Parambikulam,0.311
2022-07-21,Parambikulam,0.36
2022-07-28,Parambikulam,0.36
2022-08-04,Parambikulam,0.358
2022-08-11,Parambikulam,0.362
2022-08-18,Parambikulam,0.366
2022-08-25,Parambikulam,0.37
2022-09-01,Parambikulam,0.37
2022-09-08,Parambikulam,0.371
2022-09-15,Parambikulam,0.372
2022-09-22,Parambikulam,0.37
2022-09-29,Parambikulam,0.25
2022-10-06,Parambikulam,0.23149999999999998
2022-10-13,Parambikulam,0.213
2022-10-20,Parambikulam,0.21
2022-10-27,Parambikulam,0.204
2022-11-03,Parambikulam,0.196
2022-11-10,Parambikulam,0.192
2022-11-17,Parambikulam,0.197
2022-11-24,Parambikulam,0.199
2022-12-01,Parambikulam,0.197
2022-12-08,Parambikulam,0.193
2022-12-15,Parambikulam,0.198
2022-12-22,Parambikulam,0.212
2022-12-29,Parambikulam,0.224
2023-01-05,Parambikulam,0.223
2023-01-12,Parambikulam,0.223
2023-01-19,Parambikulam,0.223
2023-01-26,Parambikulam,0.20700000000000002
2023-02-02,Parambikulam,0.199
2023-02-09,Parambikulam,0.186
2023-02-16,Parambikulam,0.172
2023-02-23,Parambikulam,0.154
2023-03-02,Parambikulam,0.137
2023-03-09,Parambikulam,0.123
2023-03-16,Parambikulam,0.109
2023-03-23,Parambikulam,0.10066666666666667
2023-03-30,Parambikulam,0.09233333333333334
2023-04-06,Parambikulam,0.076
2023-04-13,Parambikulam,0.068
2023-04-20,Parambikulam,0.061
2023-04-27,Parambikulam,0.059
2023-05-04,Parambikulam,0.055
2023-05-11,Parambikulam,0.053
2023-05-18,Parambikulam,0.053
2023-05-25,Parambikulam,0.053
2023-06-01,Parambikulam,0.053
2023-06-08,Parambikulam,0.053
2023-06-15,Parambikulam,0.053
2023-06-22,Parambikulam,0.058
2023-06-29,Parambikulam,0.0695
2023-07-06,Parambikulam,0.1005
2023-07-13,Parambikulam,0.12
2023-07-20,Parambikulam,0.127
2023-07-27,Parambikulam,0.159
2023-08-03,Parambikulam,0.161
2023-08-10,Parambikulam,0.166
2023-08-17,Parambikulam,0.171
2023-08-24,Parambikulam,0.184
2023-08-31,Parambikulam,0.193
2023-09-07,Parambikulam,0.193
2023-09-14,Parambikulam,0.195
2023-09-21,Parambikulam,0.199
2023-09-28,Parambikulam,0.202
2023-10-05,Parambikulam,0.207
2023-10-12,Parambikulam,0.203
2023-10-19,Parambikulam,0.205
2023-10-26,Parambikulam,0.2
2023-11-02,Parambikulam,0.206
2023-11-09,Parambikulam,0.222
2023-11-16,Parambikulam,0.232
2023-11-23,Parambikulam,0.24
2023-11-30,Parambikulam,0.248
2023-12-07,Parambikulam,0.254
2023-12-14,Parambikulam,0.255
2023-12-21,Parambikulam,0.248
2023-12-28,Parambikulam,0.238
2024-01-04,Parambikulam,0.231
2024-01-11,Parambikulam,0.224
2024-01-18,Parambikulam,0.211
2024-01-25,Parambikulam,0.209
2024-02-01,Parambikulam,0.209
2024-02-08,Parambikulam,0.205
2024-02-15,Parambikulam,0.19
2024-02-22,Parambikulam,0.172
2024-02-29,Parambikulam,0.156
2024-03-07,Parambikulam,0.14
2024-03-14,Parambikulam,0.123
2024-03-21,Parambikulam,0.106
2024-03-28,Parambikulam,0.092
2024-04-04,Parambikulam,0.081
2024-04-11,Parambikulam,0.07500000000000001
2024-04-18,Parambikulam,0.061
2024-04-25,Parambikulam,0.053
2024-05-02,Parambikulam,0.046
2024-05-09,Parambikulam,0.04
2024-05-16,Parambikulam,0.041
2024-05-23,Parambikulam,0.043
2024-05-30,Parambikulam,0.047
2024-06-06,Parambikulam,0.048
2024-06-13,Parambikulam,0.052
2024-06-20,Parambikulam,0.053
2024-06-27,Parambikulam,0.064
2024-07-04,Parambikulam,0.089
2024-07-11,Parambikulam,0.105
2024-07-18,Parambikulam,0.142
2024-07-25,Parambikulam,0.204
2024-08-01,Parambikulam,0.313
2024-08-08,Parambikulam,0.362
2024-08-15,Parambikulam,0.3655
2024-08-22,Parambikulam,0.375
2024-08-29,Parambikulam,0.368
2024-09-05,Parambikulam,0.377
2024-09-12,Parambikulam,0.379
2024-09-19,Parambikulam,0.377
2024-09-26,Parambikulam,0.372
2024-10-03,Parambikulam,0.368
2024-10-10,Parambikulam,0.368
2024-10-17,Parambikulam,0.376
2024-10-24,Parambikulam,0.378
2024-10-31,Parambikulam,0.3765
2024-11-07,Parambikulam,0.375
2024-11-14,Parambikulam,0.372
2024-11-21,Parambikulam,0.366
2024-11-28,Parambikulam,0.36
2024-12-05,Parambikulam,0.358
2024-12-12,Parambikulam,0.351
2024-12-19,Parambikulam,0.351
2024-12-26,Parambikulam,0.346
2025-01-02,Parambikulam,0.351
2025-01-09,Parambikulam,0.358
2025-01-16,Parambikulam,0.365
2025-01-23,Parambikulam,0.372
2025-01-30,Parambikulam,0.364
2025-02-06,Parambikulam,0.36
2025-02-13,Parambikulam,0.351
2025-02-20,Parambikulam,0.334
2025-02-27,Parambikulam,0.33
2025-03-06,Parambikulam,0.317
2025-03-13,Parambikulam,0.298
2025-03-20,Parambikulam,0.282
2025-03-27,Parambikulam,0.26549999999999996
2025-04-03,Parambikulam,0.249
2025-04-10,Parambikulam,0.29359
2025-04-17,Parambikulam,0.33818
2025-04-24,Parambikulam,0.32201
2025-05-01,Parambikulam,0.30625
2025-05-08,Parambikulam,0.28729
2022-02-10,Sathanur,0.102
2022-02-17,Sathanur,0.102
2022-02-24,Sathanur,0.102
2022-03-03,Sathanur,0.10099999999999999
2022-03-10,Sathanur,0.1
2022-03-17,Sathanur,0.099
2022-03-24,Sathanur,0.098
2022-03-31,Sathanur,0.08966666666666667
2022-04-07,Sathanur,0.08133333333333334
2022-05-05,Sathanur,0.048
2022-05-12,Sathanur,0.043
2022-05-19,Sathanur,0.038
2022-05-26,Sathanur,0.053
2022-06-02,Sathanur,0.057999999999999996
2022-06-09,Sathanur,0.063
2022-06-16,Sathanur,0.07666666666666666
2022-06-23,Sathanur,0.09033333333333333
2022-06-30,Sathanur,0.104
2022-07-07,Sathanur,0.106
2022-07-14,Sathanur,0.109
2022-07-21,Sathanur,0.114
2022-07-28,Sathanur,0.143
2022-08-04,Sathanur,0.16
2022-08-11,Sathanur,0.1775
2022-08-18,Sathanur,0.195
2022-08-25,Sathanur,0.195
2022-09-01,Sathanur,0.195
2022-09-08,Sathanur,0.191
2022-09-15,Sathanur,0.191
2022-09-22,Sathanur,0.178
2022-09-29,Sathanur,0.181
2022-10-06,Sathanur,0.186
2022-10-13,Sathanur,0.191
2022-10-20,Sathanur,0.183
2022-10-27,Sathanur,0.19
2022-11-03,Sathanur,0.189
2022-11-10,Sathanur,0.19
2022-11-17,Sathanur,0.194
2022-11-24,Sathanur,0.195
2022-12-01,Sathanur,0.196
2022-12-08,Sathanur,0.195
2022-12-15,Sathanur,0.195
2022-12-22,Sathanur,0.201
2022-12-29,Sathanur,0.201
2023-01-05,Sathanur,0.206
2023-01-12,Sathanur,0.204
2023-01-19,Sathanur,0.206
2023-01-26,Sathanur,0.206
2023-02-02,Sathanur,0.206
2023-02-09,Sathanur,0.206
2023-02-16,Sathanur,0.206
2023-02-23,Sathanur,0.206
2023-03-02,Sathanur,0.205
2023-03-09,Sathanur,0.204
2023-03-16,Sathanur,0.198
2023-03-23,Sathanur,0.18533333333333335
2023-03-30,Sathanur,0.17266666666666666
2023-04-06,Sathanur,0.137
2023-04-13,Sathanur,0.126
2023-04-20,Sathanur,0.116
2023-04-27,Sathanur,0.109
2023-05-04,Sathanur,0.106
2023-05-11,Sathanur,0.123
2023-05-18,Sathanur,0.141
2023-05-25,Sathanur,0.136
2023-06-01,Sathanur,0.128
2023-06-08,Sathanur,0.12
2023-06-15,Sathanur,0.121
2023-06-22,Sathanur,0.128
2023-06-29,Sathanur,0.1335
2023-07-06,Sathanur,0.14200000000000002
2023-07-13,Sathanur,0.145
2023-07-20,Sathanur,0.15
2023-07-27,Sathanur,0.151
2023-08-03,Sathanur,0.15
2023-08-10,Sathanur,0.1505
2023-08-17,Sathanur,0.151
2023-08-24,Sathanur,0.151
2023-08-31,Sathanur,0.152
2023-09-07,Sathanur,0.165
2023-09-14,Sathanur,0.17
2023-09-21,Sathanur,0.18
2023-09-28,Sathanur,0.1865
2023-10-05,Sathanur,0.192
2023-10-12,Sathanur,0.19
2023-10-19,Sathanur,0.193
2023-10-26,Sathanur,0.188
2023-11-02,Sathanur,0.189
2023-11-09,Sathanur,0.195
2023-11-16,Sathanur,0.195
2023-11-23,Sathanur,0.195
2023-11-30,Sathanur,0.195
2023-12-07,Sathanur,0.195
2023-12-14,Sathanur,0.199
2023-12-21,Sathanur,0.2
2023-12-28,Sathanur,0.201
2024-01-04,Sathanur,0.201
2024-01-11,Sathanur,0.201
2024-01-18,Sathanur,0.192
2024-01-25,Sathanur,0.185
2024-02-01,Sathanur,0.175
2024-02-08,Sathanur,0.167
2024-02-15,Sathanur,0.159
2024-02-22,Sathanur,0.152
2024-02-29,Sathanur,0.143
2024-03-07,Sathanur,0.134
2024-03-14,Sathanur,0.125
2024-03-21,Sathanur,0.103
2024-03-28,Sathanur,0.078
2024-04-04,Sathanur,0.064
2024-04-11,Sathanur,0.059
2024-04-18,Sathanur,0.046
2024-04-25,Sathanur,0.043
2024-05-02,Sathanur,0.043
2024-05-09,Sathanur,0.042
2024-05-16,Sathanur,0.042
2024-05-23,Sathanur,0.042499999999999996
2024-05-30,Sathanur,0.043
2024-06-06,Sathanur,0.043
2024-06-13,Sathanur,0.047
2024-06-20,Sathanur,0.048
2024-06-27,Sathanur,0.048
2024-07-04,Sathanur,0.047
2024-07-11,Sathanur,0.047
2024-07-18,Sathanur,0.047
2024-07-25,Sathanur,0.046
2024-08-01,Sathanur,0.046
2024-08-08,Sathanur,0.045
2024-08-15,Sathanur,0.056
2024-08-22,Sathanur,0.076
2024-08-29,Sathanur,0.081
2024-09-05,Sathanur,0.083
2024-09-12,Sathanur,0.084
2024-09-19,Sathanur,0.085
2024-09-26,Sathanur,0.085
2024-10-03,Sathanur,0.085
2024-10-10,Sathanur,0.088
2024-10-17,Sathanur,0.105
2024-10-24,Sathanur,0.146
2024-10-31,Sathanur,0.16949999999999998
2024-11-07,Sathanur,0.195
2024-11-14,Sathanur,0.192
2024-11-21,Sathanur,0.2
2024-11-28,Sathanur,0.199
2024-12-05,Sathanur,0.201
2024-12-12,Sathanur,0.198
2024-12-19,Sathanur,0.198
2024-12-26,Sathanur,0.201
2025-01-02,Sathanur,0.203
2025-01-09,Sathanur,0.205
2025-01-16,Sathanur,0.206
2025-01-23,Sathanur,0.206
2025-01-30,Sathanur,0.206
2025-02-06,Sathanur,0.204
2025-02-13,Sathanur,0.196
2025-02-20,Sathanur,0.187
2025-02-27,Sathanur,0.179
2025-03-06,Sathanur,0.17
2025-03-13,Sathanur,0.162
2025-03-20,Sathanur,0.146
2025-03-27,Sathanur,0.126
2025-04-03,Sathanur,0.106
2025-04-10,Sathanur,0.09711
2025-04-17,Sathanur,0.08822
2025-04-24,Sathanur,0.07932
2025-05-01,Sathanur,0.07088
2025-05-08,Sathanur,0.06239
2015-04-16,Sholayar,0.002
2015-04-23,Sholayar,0.002
2015-04-30,Sholayar,0.002
2015-05-07,Sholayar,0.003
2015-05-14,Sholayar,0.007
2015-05-21,Sholayar,0.013
2015-05-28,Sholayar,0.015
2015-06-04,Sholayar,0.016
2015-06-11,Sholayar,0.018
2015-06-18,Sholayar,0.021
2015-06-25,Sholayar,0.055
2015-07-02,Sholayar,0.098
2015-07-09,Sholayar,0.103
2015-07-16,Sholayar,0.103
2015-07-23,Sholayar,0.116
2015-07-30,Sholayar,0.126
2015-08-06,Sholayar,0.119
2015-08-13,Sholayar,0.119
2015-08-20,Sholayar,0.119
2015-08-27,Sholayar,0.109
2015-09-03,Sholayar,0.096
2015-09-10,Sholayar,0.088
2015-09-17,Sholayar,0.09
2015-09-24,Sholayar,0.095
2015-10-01,Sholayar,0.096
2015-10-08,Sholayar,0.096
2015-10-15,Sholayar,0.093
2015-10-22,Sholayar,0.08549999999999999
2015-10-29,Sholayar,0.078
2015-11-05,Sholayar,0.069
2015-11-12,Sholayar,0.069
2015-11-19,Sholayar,0.062
2015-11-26,Sholayar,0.055
2015-12-03,Sholayar,0.046
2015-12-10,Sholayar,0.044
2015-12-17,Sholayar,0.05
2015-12-24,Sholayar,0.036500000000000005
2015-12-31,Sholayar,0.032
2016-01-07,Sholayar,0.011
2016-01-14,Sholayar,0.004
2016-01-21,Sholayar,0.0
2016-01-28,Sholayar,0.0
2016-02-04,Sholayar,0.0
2016-02-11,Sholayar,0.0
2016-02-18,Sholayar,0.0
2016-02-25,Sholayar,0.0
2016-03-03,Sholayar,0.021
2016-03-10,Sholayar,0.022
2016-03-17,Sholayar,0.024
2016-03-24,Sholayar,0.025500000000000002
2016-03-31,Sholayar,0.026
2016-04-07,Sholayar,0.019
2016-04-14,Sholayar,0.019
2016-04-21,Sholayar,0.019
2016-04-28,Sholayar,0.0095
2016-05-05,Sholayar,0.0
2016-05-12,Sholayar,0.0
2016-05-19,Sholayar,0.0
2016-05-26,Sholayar,0.0
2016-06-02,Sholayar,0.0
2016-06-09,Sholayar,0.0
2016-06-16,Sholayar,0.004
2016-06-23,Sholayar,0.014
2016-06-30,Sholayar,0.033
2016-07-07,Sholayar,0.0565
2016-07-14,Sholayar,0.068
2016-07-21,Sholayar,0.078
2016-07-28,Sholayar,0.08
2016-08-04,Sholayar,0.084
2016-08-11,Sholayar,0.087
2016-08-18,Sholayar,0.083
2016-08-25,Sholayar,0.0755
2016-09-01,Sholayar,0.072
2016-09-08,Sholayar,0.07
2016-09-15,Sholayar,0.068
2016-09-22,Sholayar,0.065
2016-09-29,Sholayar,0.058
2016-10-06,Sholayar,0.054
2016-10-13,Sholayar,0.037
2016-10-20,Sholayar,0.022
2016-10-27,Sholayar,0.013
2016-11-03,Sholayar,0.0
2016-11-10,Sholayar,0.0
2016-11-17,Sholayar,0.0
2016-11-24,Sholayar,0.0
2016-12-01,Sholayar,0.0
2016-12-08,Sholayar,0.0
2016-12-15,Sholayar,0.0
2016-12-22,Sholayar,0.0
2016-12-29,Sholayar,0.0
2017-01-05,Sholayar,0.0
2017-01-12,Sholayar,0.0
2017-01-19,Sholayar,0.0
2017-01-26,Sholayar,0.012
2017-02-02,Sholayar,0.0
2017-02-09,Sholayar,0.0
2017-02-16,Sholayar,0.0
2017-02-23,Sholayar,0.0
2017-03-02,Sholayar,0.0
2017-03-09,Sholayar,0.0
2017-03-16,Sholayar,0.0
2017-03-23,Sholayar,0.0
2017-03-30,Sholayar,0.0
2017-04-06,Sholayar,0.0
2017-04-13,Sholayar,0.0
2017-04-20,Sholayar,0.0
2017-04-27,Sholayar,0.0
2017-05-04,Sholayar,0.0
2017-05-11,Sholayar,0.0
2017-05-18,Sholayar,0.0
2017-05-25,Sholayar,0.0
2017-06-01,Sholayar,0.0
2017-06-08,Sholayar,0.0
2017-06-15,Sholayar,0.004
2017-06-22,Sholayar,0.002
2017-06-29,Sholayar,0.015
2017-07-06,Sholayar,0.032
2017-07-13,Sholayar,0.025
2017-07-20,Sholayar,0.023
2017-07-27,Sholayar,0.0195
2017-08-03,Sholayar,0.016
2017-08-10,Sholayar,0.021
2017-08-17,Sholayar,0.016
2017-08-24,Sholayar,0.027
2017-08-31,Sholayar,0.046
2017-09-07,Sholayar,0.062
2017-09-14,Sholayar,0.0805
2017-09-21,Sholayar,0.099
2017-09-28,Sholayar,0.109
2017-10-05,Sholayar,0.112
2017-10-12,Sholayar,0.108
2017-10-19,Sholayar,0.11
2017-10-26,Sholayar,0.097
2017-11-02,Sholayar,0.082
2017-11-09,Sholayar,0.067
2017-11-16,Sholayar,0.059
2017-11-23,Sholayar,0.044
2017-11-30,Sholayar,0.034
2017-12-07,Sholayar,0.02
2017-12-14,Sholayar,0.017
2017-12-21,Sholayar,0.011
2017-12-28,Sholayar,0.003
2018-01-04,Sholayar,0.0
2018-01-11,Sholayar,0.0
2018-01-18,Sholayar,0.0
2018-01-25,Sholayar,0.0
2018-02-01,Sholayar,0.0
2018-02-08,Sholayar,0.0
2018-02-15,Sholayar,0.0
2018-02-22,Sholayar,0.0
2018-03-01,Sholayar,0.0
2018-03-08,Sholayar,0.0
2018-03-15,Sholayar,0.0
2018-03-22,Sholayar,0.0
2018-03-29,Sholayar,0.0
2018-04-05,Sholayar,0.0
2018-04-12,Sholayar,0.0
2018-04-19,Sholayar,0.0
2018-04-26,Sholayar,0.0
2018-05-03,Sholayar,0.0
2018-05-10,Sholayar,0.0
2018-05-17,Sholayar,0.0
2018-05-24,Sholayar,0.0
2018-05-31,Sholayar,0.0
2018-06-07,Sholayar,0.005
2018-06-14,Sholayar,0.08
2018-06-21,Sholayar,0.106
2018-06-28,Sholayar,0.121
2018-07-05,Sholayar,0.13
2018-07-12,Sholayar,0.136
2018-07-19,Sholayar,0.136
2018-07-26,Sholayar,0.134
2018-08-02,Sholayar,0.132
2018-08-09,Sholayar,0.132
2018-08-16,Sholayar,0.132
2018-08-23,Sholayar,0.132
2018-08-30,Sholayar,0.13
2018-09-06,Sholayar,0.13
2018-09-13,Sholayar,0.129
2018-09-20,Sholayar,0.128
2018-09-27,Sholayar,0.1275
2018-10-04,Sholayar,0.127
2018-10-11,Sholayar,0.127
2018-10-18,Sholayar,0.124
2018-10-25,Sholayar,0.121
2018-11-01,Sholayar,0.117
2018-11-08,Sholayar,0.112
2018-11-15,Sholayar,0.107
2018-11-22,Sholayar,0.107
2018-11-29,Sholayar,0.104
2018-12-06,Sholayar,0.101
2018-12-13,Sholayar,0.097
2018-12-20,Sholayar,0.091
2018-12-27,Sholayar,0.08633333333333333
2019-01-03,Sholayar,0.08166666666666667
2019-01-10,Sholayar,0.077
2019-01-17,Sholayar,0.067
2019-01-24,Sholayar,0.0635
2019-01-31,Sholayar,0.06
2019-02-07,Sholayar,0.052
2019-02-14,Sholayar,0.039
2019-02-21,Sholayar,0.021
2019-02-28,Sholayar,0.015
2019-03-07,Sholayar,0.009
2019-03-14,Sholayar,0.01
2019-03-21,Sholayar,0.0035
2019-03-28,Sholayar,0.0
2019-04-04,Sholayar,0.0
2019-04-11,Sholayar,0.0
2019-04-18,Sholayar,0.0
2019-04-25,Sholayar,0.0
2019-05-02,Sholayar,0.0
2019-05-09,Sholayar,0.0
2019-05-16,Sholayar,0.0
2019-05-23,Sholayar,0.0
2019-05-30,Sholayar,0.0
2019-06-06,Sholayar,0.0
2019-06-13,Sholayar,0.0
2019-06-20,Sholayar,0.0
2019-06-27,Sholayar,0.0
2019-07-04,Sholayar,0.0
2019-07-11,Sholayar,0.0
2019-07-18,Sholayar,0.0
2019-07-25,Sholayar,0.026
2019-08-01,Sholayar,0.031
2019-08-08,Sholayar,0.057
2019-08-15,Sholayar,0.1325
2019-08-22,Sholayar,0.131
2019-08-29,Sholayar,0.131
2019-09-05,Sholayar,0.134
2019-09-12,Sholayar,0.132
2019-09-19,Sholayar,0.1305
2019-09-26,Sholayar,0.129
2019-10-03,Sholayar,0.129
2019-10-10,Sholayar,0.125
2019-10-17,Sholayar,0.128
2019-10-24,Sholayar,0.129
2019-10-31,Sholayar,0.13
2019-11-07,Sholayar,0.129
2019-11-14,Sholayar,0.129
2019-11-21,Sholayar,0.126
2019-11-28,Sholayar,0.122
2019-12-05,Sholayar,0.116
2019-12-12,Sholayar,0.108
2019-12-19,Sholayar,0.095
2019-12-26,Sholayar,0.083
2020-01-02,Sholayar,0.074
2020-01-09,Sholayar,0.064
2020-01-16,Sholayar,0.049
2020-01-23,Sholayar,0.022
2020-01-30,Sholayar,0.007
2020-02-06,Sholayar,0.009
2020-02-13,Sholayar,0.003
2020-02-20,Sholayar,0.0
2020-02-27,Sholayar,0.0
2020-03-05,Sholayar,0.0
2020-03-12,Sholayar,0.0
2020-03-19,Sholayar,0.0
2020-03-26,Sholayar,0.0
2020-04-02,Sholayar,0.0
2020-04-09,Sholayar,0.0
2020-04-16,Sholayar,0.0
2020-04-23,Sholayar,0.001
2020-04-30,Sholayar,0.002
2020-05-07,Sholayar,0.0035
2020-05-14,Sholayar,0.004
2020-05-21,Sholayar,0.005
2020-05-28,Sholayar,0.006
2020-06-04,Sholayar,0.007
2020-06-11,Sholayar,0.009
2020-06-18,Sholayar,0.011
2020-06-25,Sholayar,0.017
2020-07-02,Sholayar,0.028
2020-07-09,Sholayar,0.045
2020-07-16,Sholayar,0.051
2020-07-23,Sholayar,0.06
2020-07-30,Sholayar,0.06
2020-08-06,Sholayar,0.098
2020-08-13,Sholayar,0.132
2020-08-20,Sholayar,0.128
2020-08-27,Sholayar,0.129
2020-09-03,Sholayar,0.13
2020-09-10,Sholayar,0.131
2020-09-17,Sholayar,0.131
2020-09-24,Sholayar,0.131
2020-10-01,Sholayar,0.13
2020-10-08,Sholayar,0.129
2020-10-15,Sholayar,0.131
2020-10-22,Sholayar,0.129
2020-10-29,Sholayar,0.126
2020-11-05,Sholayar,0.126
2020-11-12,Sholayar,0.124
2020-11-19,Sholayar,0.11499999999999999
2020-11-26,Sholayar,0.106
2020-12-03,Sholayar,0.089
2020-12-10,Sholayar,0.072
2020-12-17,Sholayar,0.06
2020-12-24,Sholayar,0.049
2020-12-31,Sholayar,0.036
2021-01-07,Sholayar,0.03
2021-01-14,Sholayar,0.023
2021-01-21,Sholayar,0.017
2021-01-28,Sholayar,0.011
2021-02-04,Sholayar,0.005
2021-02-11,Sholayar,0.0
2021-02-18,Sholayar,0.0
2021-02-25,Sholayar,0.0
2021-03-04,Sholayar,0.0
2021-03-11,Sholayar,0.0
2021-03-18,Sholayar,0.0
2021-03-25,Sholayar,0.0
2021-04-01,Sholayar,0.0
2021-04-08,Sholayar,0.0
2021-04-15,Sholayar,0.0
2021-04-22,Sholayar,0.0
2021-04-29,Sholayar,0.0
2021-05-06,Sholayar,0.0
2021-05-13,Sholayar,0.0
2021-05-20,Sholayar,0.0
2021-05-27,Sholayar,0.0
2021-06-03,Sholayar,0.0
2021-06-10,Sholayar,0.008
2021-06-17,Sholayar,0.019
2021-06-24,Sholayar,0.05
2021-07-01,Sholayar,0.059
2021-07-08,Sholayar,0.061
2021-07-15,Sholayar,0.083
2021-07-22,Sholayar,0.117
2021-07-29,Sholayar,0.132
2021-08-05,Sholayar,0.131
2021-08-12,Sholayar,0.131
2021-08-19,Sholayar,0.143
2021-08-26,Sholayar,0.141
2021-09-02,Sholayar,0.143
2021-09-09,Sholayar,0.143
2021-09-16,Sholayar,0.143
2021-09-23,Sholayar,0.143
2021-09-30,Sholayar,0.143
2021-10-07,Sholayar,0.143
2021-10-14,Sholayar,0.143
2021-10-21,Sholayar,0.143
2021-10-28,Sholayar,0.143
2021-11-04,Sholayar,0.1425
2021-11-11,Sholayar,0.142
2021-11-18,Sholayar,0.143
2021-11-25,Sholayar,0.143
2021-12-02,Sholayar,0.143
2021-12-09,Sholayar,0.142
2021-12-16,Sholayar,0.141
2021-12-23,Sholayar,0.142
2021-12-30,Sholayar,0.14
2022-01-06,Sholayar,0.136
2022-01-13,Sholayar,0.125
2022-01-20,Sholayar,0.114
2022-01-27,Sholayar,0.102
2022-02-03,Sholayar,0.092
2022-02-10,Sholayar,0.079
2022-02-17,Sholayar,0.065
2022-02-24,Sholayar,0.052
2022-03-03,Sholayar,0.03833333333333333
2022-03-10,Sholayar,0.024666666666666667
2022-03-17,Sholayar,0.011
2022-03-24,Sholayar,0.008
2022-03-31,Sholayar,0.008166666666666666
2022-04-07,Sholayar,0.008333333333333333
2022-05-05,Sholayar,0.009
2022-05-12,Sholayar,0.01
2022-05-19,Sholayar,0.012
2022-05-26,Sholayar,0.037
2022-06-02,Sholayar,0.0435
2022-06-09,Sholayar,0.05
2022-06-16,Sholayar,0.059000000000000004
2022-06-23,Sholayar,0.068
2022-06-30,Sholayar,0.077
2022-07-07,Sholayar,0.116
2022-07-14,Sholayar,0.143
2022-07-21,Sholayar,0.143
2022-07-28,Sholayar,0.143
2022-08-04,Sholayar,0.143
2022-08-11,Sholayar,0.143
2022-08-18,Sholayar,0.143
2022-08-25,Sholayar,0.143
2022-09-01,Sholayar,0.143
2022-09-08,Sholayar,0.143
2022-09-15,Sholayar,0.143
2022-09-22,Sholayar,0.143
2022-09-29,Sholayar,0.143
2022-10-06,Sholayar,0.143
2022-10-13,Sholayar,0.143
2022-10-20,Sholayar,0.143
2022-10-27,Sholayar,0.143
2022-11-03,Sholayar,0.143
2022-11-10,Sholayar,0.142
2022-11-17,Sholayar,0.143
2022-11-24,Sholayar,0.143
2022-12-01,Sholayar,0.135
2022-12-08,Sholayar,0.127
2022-12-15,Sholayar,0.118
2022-12-22,Sholayar,0.099
2022-12-29,Sholayar,0.083
2023-01-05,Sholayar,0.068
2023-01-12,Sholayar,0.047
2023-01-19,Sholayar,0.027
2023-01-26,Sholayar,0.0155
2023-02-02,Sholayar,0.013
2023-02-09,Sholayar,0.01
2023-02-16,Sholayar,0.007
2023-02-23,Sholayar,0.008
2023-03-02,Sholayar,0.008
2023-03-09,Sholayar,0.006
2023-03-16,Sholayar,0.004
2023-03-23,Sholayar,0.004333333333333333
2023-03-30,Sholayar,0.004666666666666667
2023-04-06,Sholayar,0.003
2023-04-13,Sholayar,0.003
2023-04-20,Sholayar,0.003
2023-04-27,Sholayar,0.005
2023-05-04,Sholayar,0.005
2023-05-11,Sholayar,0.003
2023-05-18,Sholayar,0.003
2023-05-25,Sholayar,0.003
2023-06-01,Sholayar,0.005
2023-06-08,Sholayar,0.008
2023-06-15,Sholayar,0.012
2023-06-22,Sholayar,0.013
2023-06-29,Sholayar,0.009
2023-07-06,Sholayar,0.0285
2023-07-13,Sholayar,0.052
2023-07-20,Sholayar,0.059
2023-07-27,Sholayar,0.09
2023-08-03,Sholayar,0.111
2023-08-10,Sholayar,0.1105
2023-08-17,Sholayar,0.11
2023-08-24,Sholayar,0.095
2023-08-31,Sholayar,0.075
2023-09-07,Sholayar,0.054
2023-09-14,Sholayar,0.047
2023-09-21,Sholayar,0.033
2023-09-28,Sholayar,0.0345
2023-10-05,Sholayar,0.05
2023-10-12,Sholayar,0.059
2023-10-19,Sholayar,0.065
2023-10-26,Sholayar,0.061
2023-11-02,Sholayar,0.059
2023-11-09,Sholayar,0.052
2023-11-16,Sholayar,0.05
2023-11-23,Sholayar,0.045
2023-11-30,Sholayar,0.033
2023-12-07,Sholayar,0.02
2023-12-14,Sholayar,0.011
2023-12-21,Sholayar,0.011
2023-12-28,Sholayar,0.008
2024-01-04,Sholayar,0.002
2024-01-11,Sholayar,0.005
2024-01-18,Sholayar,0.005
2024-01-25,Sholayar,0.003
2024-02-01,Sholayar,0.002
2024-02-08,Sholayar,0.003
2024-02-15,Sholayar,0.002
2024-02-22,Sholayar,0.002
2024-02-29,Sholayar,0.003
2024-03-07,Sholayar,0.004
2024-03-14,Sholayar,0.004
2024-03-21,Sholayar,0.003
2024-03-28,Sholayar,0.002
2024-04-04,Sholayar,0.002
2024-04-11,Sholayar,0.0015
2024-04-18,Sholayar,0.001
2024-04-25,Sholayar,0.002
2024-05-02,Sholayar,0.002
2024-05-09,Sholayar,0.002
2024-05-16,Sholayar,0.002
2024-05-23,Sholayar,0.0055
2024-05-30,Sholayar,0.012
2024-06-06,Sholayar,0.016
2024-06-13,Sholayar,0.026
2024-06-20,Sholayar,0.029
2024-06-27,Sholayar,0.065
2024-07-04,Sholayar,0.08
2024-07-11,Sholayar,0.076
2024-07-18,Sholayar,0.129
2024-07-25,Sholayar,0.143
2024-08-01,Sholayar,0.143
2024-08-08,Sholayar,0.143
2024-08-15,Sholayar,0.143
2024-08-22,Sholayar,0.142
2024-08-29,Sholayar,0.141
2024-09-05,Sholayar,0.143
2024-09-12,Sholayar,0.143
2024-09-19,Sholayar,0.141
2024-09-26,Sholayar,0.143
2024-10-03,Sholayar,0.142
2024-10-10,Sholayar,0.14
2024-10-17,Sholayar,0.143
2024-10-24,Sholayar,0.143
2024-10-31,Sholayar,0.1425
2024-11-07,Sholayar,0.139
2024-11-14,Sholayar,0.132
2024-11-21,Sholayar,0.126
2024-11-28,Sholayar,0.119
2024-12-05,Sholayar,0.117
2024-12-12,Sholayar,0.111
2024-12-19,Sholayar,0.111
2024-12-26,Sholayar,0.105
2025-01-02,Sholayar,0.094
2025-01-09,Sholayar,0.085
2025-01-16,Sholayar,0.065
2025-01-23,Sholayar,0.044
2025-01-30,Sholayar,0.026
2025-02-06,Sholayar,0.01
2025-02-13,Sholayar,0.001
2025-02-20,Sholayar,0.001
2025-02-27,Sholayar,0.001
2025-03-06,Sholayar,0.001
2025-03-13,Sholayar,0.001
2025-03-20,Sholayar,0.001
2025-03-27,Sholayar,0.001
2025-04-03,Sholayar,0.001
2025-04-10,Sholayar,0.0007999999999999999
2025-04-17,Sholayar,0.0006
2025-04-24,Sholayar,0.0006
2025-05-01,Sholayar,0.0006
2025-05-08,Sholayar,0.0006
2015-04-16,Vaigai,0.019
2015-04-23,Vaigai,0.024
2015-04-30,Vaigai,0.029
2015-05-07,Vaigai,0.02
2015-05-14,Vaigai,0.022
2015-05-21,Vaigai,0.039
2015-05-28,Vaigai,0.043
2015-06-04,Vaigai,0.042
2015-06-11,Vaigai,0.041
2015-06-18,Vaigai,0.039
2015-06-25,Vaigai,0.038
2015-07-02,Vaigai,0.047
2015-07-09,Vaigai,0.052
2015-07-16,Vaigai,0.062
2015-07-23,Vaigai,0.063
2015-07-30,Vaigai,0.064
2015-08-06,Vaigai,0.064
2015-08-13,Vaigai,0.058499999999999996
2015-08-20,Vaigai,0.053
2015-08-27,Vaigai,0.043
2015-09-03,Vaigai,0.037
2015-09-10,Vaigai,0.035
2015-09-17,Vaigai,0.034
2015-09-24,Vaigai,0.033
2015-10-01,Vaigai,0.0455
2015-10-08,Vaigai,0.053
2015-10-15,Vaigai,0.051
2015-10-22,Vaigai,0.0475
2015-10-29,Vaigai,0.044
2015-11-05,Vaigai,0.054
2015-11-12,Vaigai,0.067
2015-11-19,Vaigai,0.084
2015-11-26,Vaigai,0.149
2015-12-03,Vaigai,0.137
2015-12-10,Vaigai,0.131
2015-12-17,Vaigai,0.132
2015-12-24,Vaigai,0.129
2015-12-31,Vaigai,0.124
2016-01-07,Vaigai,0.094
2016-01-14,Vaigai,0.067
2016-01-21,Vaigai,0.066
2016-01-28,Vaigai,0.056
2016-02-04,Vaigai,0.054
2016-02-11,Vaigai,0.053
2016-02-18,Vaigai,0.036
2016-02-25,Vaigai,0.038
2016-03-03,Vaigai,0.025
2016-03-10,Vaigai,0.017
2016-03-17,Vaigai,0.017
2016-03-24,Vaigai,0.0195
2016-03-31,Vaigai,0.02
2016-04-07,Vaigai,0.02
2016-04-14,Vaigai,0.016
2016-04-21,Vaigai,0.013
2016-04-28,Vaigai,0.0125
2016-05-05,Vaigai,0.012
2016-05-12,Vaigai,0.012
2016-05-19,Vaigai,0.013
2016-05-26,Vaigai,0.0125
2016-06-02,Vaigai,0.012
2016-06-09,Vaigai,0.01
2016-06-16,Vaigai,0.009
2016-06-23,Vaigai,0.008
2016-06-30,Vaigai,0.008
2016-07-07,Vaigai,0.0085
2016-07-14,Vaigai,0.008
2016-07-21,Vaigai,0.007
2016-07-28,Vaigai,0.008
2016-08-04,Vaigai,0.008
2016-08-11,Vaigai,0.007
2016-08-18,Vaigai,0.007
2016-08-25,Vaigai,0.0085
2016-09-01,Vaigai,0.008
2016-09-08,Vaigai,0.009
2016-09-15,Vaigai,0.008
2016-09-22,Vaigai,0.007
2016-09-29,Vaigai,0.007
2016-10-06,Vaigai,0.006
2016-10-13,Vaigai,0.005
2016-10-20,Vaigai,0.004
2016-10-27,Vaigai,0.005
2016-11-03,Vaigai,0.004
2016-11-10,Vaigai,0.005
2016-11-17,Vaigai,0.004
2016-11-24,Vaigai,0.004
2016-12-01,Vaigai,0.004
2016-12-08,Vaigai,0.004
2016-12-15,Vaigai,0.004
2016-12-22,Vaigai,0.005
2016-12-29,Vaigai,0.006
2017-01-05,Vaigai,0.006500000000000001
2017-01-12,Vaigai,0.007
2017-01-19,Vaigai,0.007
2017-01-26,Vaigai,0.009
2017-02-02,Vaigai,0.006
2017-02-09,Vaigai,0.004
2017-02-16,Vaigai,0.004
2017-02-23,Vaigai,0.005
2017-03-02,Vaigai,0.005
2017-03-09,Vaigai,0.005
2017-03-16,Vaigai,0.005
2017-03-23,Vaigai,0.005
2017-03-30,Vaigai,0.006
2017-04-06,Vaigai,0.007
2017-04-13,Vaigai,0.006
2017-04-20,Vaigai,0.005
2017-04-27,Vaigai,0.004
2017-05-04,Vaigai,0.004
2017-05-11,Vaigai,0.005
2017-05-18,Vaigai,0.007
2017-05-25,Vaigai,0.006666666666666667
2017-06-01,Vaigai,0.006333333333333333
2017-06-08,Vaigai,0.006
2017-06-15,Vaigai,0.005
2017-06-22,Vaigai,0.004
2017-06-29,Vaigai,0.003
2017-07-06,Vaigai,0.007
2017-07-13,Vaigai,0.008
2017-07-20,Vaigai,0.01
2017-07-27,Vaigai,0.011
2017-08-03,Vaigai,0.012
2017-08-10,Vaigai,0.011
2017-08-17,Vaigai,0.01
2017-08-24,Vaigai,0.009
2017-08-31,Vaigai,0.011
2017-09-07,Vaigai,0.016
2017-09-14,Vaigai,0.0205
2017-09-21,Vaigai,0.025
2017-09-28,Vaigai,0.04
2017-10-05,Vaigai,0.051
2017-10-12,Vaigai,0.06
2017-10-19,Vaigai,0.07
2017-10-26,Vaigai,0.071
2017-11-02,Vaigai,0.07999999999999999
2017-11-09,Vaigai,0.089
2017-11-16,Vaigai,0.093
2017-11-23,Vaigai,0.067
2017-11-30,Vaigai,0.072
2017-12-07,Vaigai,0.088
2017-12-14,Vaigai,0.045
2017-12-21,Vaigai,0.05
2017-12-28,Vaigai,0.041
2018-01-04,Vaigai,0.045
2018-01-11,Vaigai,0.035
2018-01-18,Vaigai,0.035
2018-01-25,Vaigai,0.03
2018-02-01,Vaigai,0.031
2018-02-08,Vaigai,0.172
2018-02-15,Vaigai,0.025
2018-02-22,Vaigai,0.018
2018-03-01,Vaigai,0.016
2018-03-08,Vaigai,0.014
2018-03-15,Vaigai,0.013
2018-03-22,Vaigai,0.013
2018-03-29,Vaigai,0.014
2018-04-05,Vaigai,0.014
2018-04-12,Vaigai,0.014
2018-04-19,Vaigai,0.018
2018-04-26,Vaigai,0.022
2018-05-03,Vaigai,0.015
2018-05-10,Vaigai,0.018000000000000002
2018-05-17,Vaigai,0.021
2018-05-24,Vaigai,0.021
2018-05-31,Vaigai,0.021
2018-06-07,Vaigai,0.02
2018-06-14,Vaigai,0.022
2018-06-21,Vaigai,0.039
2018-06-28,Vaigai,0.052
2018-07-05,Vaigai,0.053
2018-07-12,Vaigai,0.05
2018-07-19,Vaigai,0.053
2018-07-26,Vaigai,0.0685
2018-08-02,Vaigai,0.084
2018-08-09,Vaigai,0.10866666666666668
2018-08-16,Vaigai,0.13333333333333333
2018-08-23,Vaigai,0.158
2018-08-30,Vaigai,0.16
2018-09-06,Vaigai,0.157
2018-09-13,Vaigai,0.14
2018-09-20,Vaigai,0.1
2018-09-27,Vaigai,0.094
2018-10-04,Vaigai,0.088
2018-10-11,Vaigai,0.121
2018-10-18,Vaigai,0.1395
2018-10-25,Vaigai,0.158
2018-11-01,Vaigai,0.158
2018-11-08,Vaigai,0.158
2018-11-15,Vaigai,0.145
2018-11-22,Vaigai,0.126
2018-11-29,Vaigai,0.096
2018-12-06,Vaigai,0.094
2018-12-13,Vaigai,0.089
2018-12-20,Vaigai,0.077
2018-12-27,Vaigai,0.08066666666666666
2019-01-03,Vaigai,0.08433333333333333
2019-01-10,Vaigai,0.088
2019-01-17,Vaigai,0.083
2019-01-24,Vaigai,0.07650000000000001
2019-01-31,Vaigai,0.07
2019-02-07,Vaigai,0.057
2019-02-14,Vaigai,0.057
2019-02-21,Vaigai,0.048
2019-02-28,Vaigai,0.045
2019-03-07,Vaigai,0.042
2019-03-14,Vaigai,0.04
2019-03-21,Vaigai,0.037
2019-03-28,Vaigai,0.036
2019-04-04,Vaigai,0.034
2019-04-11,Vaigai,0.033
2019-04-18,Vaigai,0.031
2019-04-25,Vaigai,0.024
2019-05-02,Vaigai,0.023
2019-05-09,Vaigai,0.022
2019-05-16,Vaigai,0.021
2019-05-23,Vaigai,0.019
2019-05-30,Vaigai,0.018
2019-06-06,Vaigai,0.016
2019-06-13,Vaigai,0.015
2019-06-20,Vaigai,0.013
2019-06-27,Vaigai,0.012
2019-07-04,Vaigai,0.011
2019-07-11,Vaigai,0.0095
2019-07-18,Vaigai,0.008
2019-07-25,Vaigai,0.009
2019-08-01,Vaigai,0.01
2019-08-08,Vaigai,0.012
2019-08-15,Vaigai,0.039
2019-08-22,Vaigai,0.052
2019-08-29,Vaigai,0.071
2019-09-05,Vaigai,0.073
2019-09-12,Vaigai,0.075
2019-09-19,Vaigai,0.08099999999999999
2019-09-26,Vaigai,0.087
2019-10-03,Vaigai,0.099
2019-10-10,Vaigai,0.109
2019-10-17,Vaigai,0.105
2019-10-24,Vaigai,0.121
2019-10-31,Vaigai,0.124
2019-11-07,Vaigai,0.13
2019-11-14,Vaigai,0.105
2019-11-21,Vaigai,0.1
2019-11-28,Vaigai,0.127
2019-12-05,Vaigai,0.151
2019-12-12,Vaigai,0.154
2019-12-19,Vaigai,0.147
2019-12-26,Vaigai,0.144
2020-01-02,Vaigai,0.096
2020-01-09,Vaigai,0.099
2020-01-16,Vaigai,0.086
2020-01-23,Vaigai,0.077
2020-01-30,Vaigai,0.074
2020-02-06,Vaigai,0.061
2020-02-13,Vaigai,0.057
2020-02-20,Vaigai,0.055
2020-02-27,Vaigai,0.053
2020-03-05,Vaigai,0.052
2020-03-12,Vaigai,0.05
2020-03-19,Vaigai,0.048
2020-03-26,Vaigai,0.046
2020-04-02,Vaigai,0.046
2020-04-09,Vaigai,0.042
2020-04-16,Vaigai,0.04
2020-04-23,Vaigai,0.038
2020-04-30,Vaigai,0.037
2020-05-07,Vaigai,0.035
2020-05-14,Vaigai,0.034
2020-05-21,Vaigai,0.032
2020-05-28,Vaigai,0.024
2020-06-04,Vaigai,0.023
2020-06-11,Vaigai,0.021
2020-06-18,Vaigai,0.019
2020-06-25,Vaigai,0.017
2020-07-02,Vaigai,0.016
2020-07-09,Vaigai,0.015
2020-07-16,Vaigai,0.013
2020-07-23,Vaigai,0.012
2020-07-30,Vaigai,0.011
2020-08-06,Vaigai,0.012
2020-08-13,Vaigai,0.038
2020-08-20,Vaigai,0.064
2020-08-27,Vaigai,0.089
2020-09-03,Vaigai,0.103
2020-09-10,Vaigai,0.111
2020-09-17,Vaigai,0.112
2020-09-24,Vaigai,0.116
2020-10-01,Vaigai,0.113
2020-10-08,Vaigai,0.098
2020-10-15,Vaigai,0.08
2020-10-22,Vaigai,0.07
2020-10-29,Vaigai,0.067
2020-11-05,Vaigai,0.055
2020-11-12,Vaigai,0.05
2020-11-19,Vaigai,0.0765
2020-11-26,Vaigai,0.103
2020-12-03,Vaigai,0.101
2020-12-10,Vaigai,0.099
2020-12-17,Vaigai,0.095
2020-12-24,Vaigai,0.106
2020-12-31,Vaigai,0.095
2021-01-07,Vaigai,0.104
2021-01-14,Vaigai,0.114
2021-01-21,Vaigai,0.167
2021-01-28,Vaigai,0.161
2021-02-04,Vaigai,0.158
2021-02-11,Vaigai,0.153
2021-02-18,Vaigai,0.147
2021-02-25,Vaigai,0.139
2021-03-04,Vaigai,0.124
2021-03-11,Vaigai,0.124
2021-03-18,Vaigai,0.128
2021-03-25,Vaigai,0.127
2021-04-01,Vaigai,0.126
2021-04-08,Vaigai,0.124
2021-04-15,Vaigai,0.122
2021-04-22,Vaigai,0.1185
2021-04-29,Vaigai,0.115
2021-05-06,Vaigai,0.113
2021-05-13,Vaigai,0.117
2021-05-20,Vaigai,0.128
2021-05-27,Vaigai,0.1375
2021-06-03,Vaigai,0.147
2021-06-10,Vaigai,0.141
2021-06-17,Vaigai,0.139
2021-06-24,Vaigai,0.143
2021-07-01,Vaigai,0.127
2021-07-08,Vaigai,0.135
2021-07-15,Vaigai,0.147
2021-07-22,Vaigai,0.154
2021-07-29,Vaigai,0.158
2021-08-05,Vaigai,0.155
2021-08-12,Vaigai,0.15
2021-08-19,Vaigai,0.149
2021-08-26,Vaigai,0.135
2021-09-02,Vaigai,0.121
2021-09-09,Vaigai,0.105
2021-09-16,Vaigai,0.086
2021-09-23,Vaigai,0.077
2021-09-30,Vaigai,0.07
2021-10-07,Vaigai,0.078
2021-10-14,Vaigai,0.081
2021-10-21,Vaigai,0.083
2021-10-28,Vaigai,0.105
2021-11-04,Vaigai,0.1385
2021-11-11,Vaigai,0.16
2021-11-18,Vaigai,0.161
2021-11-25,Vaigai,0.161
2021-12-02,Vaigai,0.166
2021-12-09,Vaigai,0.166
2021-12-16,Vaigai,0.167
2021-12-23,Vaigai,0.165
2021-12-30,Vaigai,0.158
2022-01-06,Vaigai,0.16
2022-01-13,Vaigai,0.166
2022-01-20,Vaigai,0.164
2022-01-27,Vaigai,0.16
2022-02-03,Vaigai,0.159
2022-02-10,Vaigai,0.158
2022-02-17,Vaigai,0.155
2022-02-24,Vaigai,0.155
2022-03-03,Vaigai,0.15633333333333332
2022-03-10,Vaigai,0.15766666666666668
2022-03-17,Vaigai,0.159
2022-03-24,Vaigai,0.16
2022-03-31,Vaigai,0.15833333333333333
2022-04-07,Vaigai,0.15666666666666668
2022-05-05,Vaigai,0.15
2022-05-12,Vaigai,0.148
2022-05-19,Vaigai,0.145
2022-05-26,Vaigai,0.131
2022-06-02,Vaigai,0.11699999999999999
2022-06-09,Vaigai,0.103
2022-06-16,Vaigai,0.09133333333333334
2022-06-23,Vaigai,0.07966666666666666
2022-06-30,Vaigai,0.068
2022-07-07,Vaigai,0.072
2022-07-14,Vaigai,0.083
2022-07-21,Vaigai,0.096
2022-07-28,Vaigai,0.125
2022-08-04,Vaigai,0.165
2022-08-11,Vaigai,0.1625
2022-08-18,Vaigai,0.16
2022-08-25,Vaigai,0.165
2022-09-01,Vaigai,0.165
2022-09-08,Vaigai,0.17
2022-09-15,Vaigai,0.168
2022-09-22,Vaigai,0.169
2022-09-29,Vaigai,0.162
2022-10-06,Vaigai,0.1545
2022-10-13,Vaigai,0.147
2022-10-20,Vaigai,0.169
2022-10-27,Vaigai,0.168
2022-11-03,Vaigai,0.161
2022-11-10,Vaigai,0.164
2022-11-17,Vaigai,0.165
2022-11-24,Vaigai,0.157
2022-12-01,Vaigai,0.139
2022-12-08,Vaigai,0.13
2022-12-15,Vaigai,0.139
2022-12-22,Vaigai,0.133
2022-12-29,Vaigai,0.122
2023-01-05,Vaigai,0.084
2023-01-12,Vaigai,0.057
2023-01-19,Vaigai,0.07
2023-01-26,Vaigai,0.0685
2023-02-02,Vaigai,0.073
2023-02-09,Vaigai,0.077
2023-02-16,Vaigai,0.078
2023-02-23,Vaigai,0.081
2023-03-02,Vaigai,0.075
2023-03-09,Vaigai,0.077
2023-03-16,Vaigai,0.071
2023-03-23,Vaigai,0.072
2023-03-30,Vaigai,0.073
2023-04-06,Vaigai,0.074
2023-04-13,Vaigai,0.074
2023-04-20,Vaigai,0.073
2023-04-27,Vaigai,0.072
2023-05-04,Vaigai,0.068
2023-05-11,Vaigai,0.068
2023-05-18,Vaigai,0.068
2023-05-25,Vaigai,0.068
2023-06-01,Vaigai,0.067
2023-06-08,Vaigai,0.065
2023-06-15,Vaigai,0.063
2023-06-22,Vaigai,0.06
2023-06-29,Vaigai,0.059
2023-07-06,Vaigai,0.0575
2023-07-13,Vaigai,0.057
2023-07-20,Vaigai,0.055
2023-07-27,Vaigai,0.054
2023-08-03,Vaigai,0.052
2023-08-10,Vaigai,0.0505
2023-08-17,Vaigai,0.049
2023-08-24,Vaigai,0.047
2023-08-31,Vaigai,0.046
2023-09-07,Vaigai,0.0465
2023-09-14,Vaigai,0.047
2023-09-21,Vaigai,0.049
2023-09-28,Vaigai,0.05
2023-10-05,Vaigai,0.057
2023-10-12,Vaigai,0.066
2023-10-19,Vaigai,0.089
2023-10-26,Vaigai,0.112
2023-11-02,Vaigai,0.129
2023-11-09,Vaigai,0.164
2023-11-16,Vaigai,0.164
2023-11-23,Vaigai,0.148
2023-11-30,Vaigai,0.129
2023-12-07,Vaigai,0.12
2023-12-14,Vaigai,0.133
2023-12-21,Vaigai,0.161
2023-12-28,Vaigai,0.16
2024-01-04,Vaigai,0.163
2024-01-11,Vaigai,0.172
2024-01-18,Vaigai,0.172
2024-01-25,Vaigai,0.17
2024-02-01,Vaigai,0.163
2024-02-08,Vaigai,0.158
2024-02-15,Vaigai,0.154
2024-02-22,Vaigai,0.163
2024-02-29,Vaigai,0.151
2024-03-07,Vaigai,0.132
2024-03-14,Vaigai,0.134
2024-03-21,Vaigai,0.128
2024-03-28,Vaigai,0.116
2024-04-04,Vaigai,0.107
2024-04-11,Vaigai,0.10400000000000001
2024-04-18,Vaigai,0.098
2024-04-25,Vaigai,0.09
2024-05-02,Vaigai,0.087
2024-05-09,Vaigai,0.084
2024-05-16,Vaigai,0.059
2024-05-23,Vaigai,0.0545
2024-05-30,Vaigai,0.048
2024-06-06,Vaigai,0.048
2024-06-13,Vaigai,0.047
2024-06-20,Vaigai,0.047
2024-06-27,Vaigai,0.05
2024-07-04,Vaigai,0.064
2024-07-11,Vaigai,0.064
2024-07-18,Vaigai,0.067
2024-07-25,Vaigai,0.074
2024-08-01,Vaigai,0.081
2024-08-08,Vaigai,0.087
2024-08-15,Vaigai,0.101
2024-08-22,Vaigai,0.129
2024-08-29,Vaigai,0.127
2024-09-05,Vaigai,0.122
2024-09-12,Vaigai,0.112
2024-09-19,Vaigai,0.105
2024-09-26,Vaigai,0.087
2024-10-03,Vaigai,0.088
2024-10-10,Vaigai,0.08
2024-10-17,Vaigai,0.085
2024-10-24,Vaigai,0.095
2024-10-31,Vaigai,0.099
2024-11-07,Vaigai,0.13
2024-11-14,Vaigai,0.115
2024-11-21,Vaigai,0.093
2024-11-28,Vaigai,0.084
2024-12-05,Vaigai,0.064
2024-12-12,Vaigai,0.053
2024-12-19,Vaigai,0.123
2024-12-26,Vaigai,0.128
2025-01-02,Vaigai,0.133
2025-01-09,Vaigai,0.13
2025-01-16,Vaigai,0.129
2025-01-23,Vaigai,0.134
2025-01-30,Vaigai,0.133
2025-02-06,Vaigai,0.131
2025-02-13,Vaigai,0.125
2025-02-20,Vaigai,0.12
2025-02-27,Vaigai,0.112
2025-03-06,Vaigai,0.105
2025-03-13,Vaigai,0.1
2025-03-20,Vaigai,0.098
2025-03-27,Vaigai,0.091
2025-04-03,Vaigai,0.084
2025-04-10,Vaigai,0.083515
2025-04-17,Vaigai,0.08303
2025-04-24,Vaigai,0.08224
2025-05-01,Vaigai,0.08023
2025-05-08,Vaigai,0.07822
